Othref,Time,Inhib,Space,Posemo,Self,Social,Humans,Sports,Other,Music,Swear,Discrep,Nonfl,You,Cause,Sexual,Achieve,Relig,Cogmech,We,Senses,Eating,Optim,Incl,Leisure,Job,Hear,Preps,Affect,Excl,Home,Friends,Present,Body,School,Comm,Physcal,I,Groom,Tentat,Up,Motion,Negate,Future,Death,Article,Fillers,Family,Pronoun,Metaph,Feel,Certain,Insight,Assent,Number,Sad,Past,Down,See,TV,Sleep,Money,Anger,Posfeel,Anx,Negemo,Occup
collega,oorsprong,afgewacht,centimeter,verwachten,wijzelf,bemoedig*,kleintje,fietst,hem,gitarist,domkop,verwachten,euhm,jullie,oorsprong,prostituee,concurrentie,protestants,wisten,wijzelf,betasten,aten,verwachten,met,gitarist,voorzitter,luister*,zonder,verwachten,zonder,thuis,vrienden,verwachten,slagader,klasgenoten,bemoedig*,slagader,mijzelf,gewassen,verwachten,westelijk,naderde,ontkenden,gewenst,crematorium,het,ha,kleindochter,wijzelf,protestants,betasten,ongetwijfeld,wisten,accepteer,negenen*,schadelijk,wisten,verlaagd,leest,beroemd,gedroomd,afdingen,terroriseren,liefhebbend,getobd,fout,voorzitter
wijzelf,generatie,onverzettelijk,vlakbij,elegant,onszelf,deelt,baby's,gespeeld,hen,orkestbak,stommerik,moet*,uhm,uw,bewezen,zoende,wint,Christus,verwachten,onszelf,proefden,slik*,heldin,eveneens,orkestbak,concurrentie,horen,met,fout,hoewel,honk,vriendinnen,bemoedig*,baarmoeder,toets,deelt,baarmoeder,mij,scheerkwast,verwarde,west,inpakken,zonder,zou,sterf,de,hah,stiefmoeders,hem,Christus,pijnloos,duidelijk,meende,aannemelijk,kwartaal,waardeloos,behoedden,verlaagt,fraai,komiek,slapen,investeerden,vervloekt,aanbad,verwarde,schadelijk,klasgenoten
hem,ontstaan,gemeden,dichtbij,verrassing,mijzelf,bemoedigt,mens,gejogd,zij,danst,goddomme,gewenst,hm*,Jij,ontstaan,genitaal,won,zonden,oorsprong,wij,leest,proefden,aangemoedigd,alles,thuis,machtig,bijeengeroepen,langs,schadelijk,uitgesloten,gepoetst,verloofde,zet*,bloeddruk,doctoraal,bemoedigt,bloeddruk,ikzelf,gepoetst,geloofde,westelijke,binnengekomen,ontkenning,wenst,overledene,een,haha,stiefdochters,hen,zonden,knelden,gegarandeerd,analyseren,beamen,achtste,berusting,getobd,verlaag,zag,vermaak,inslapen,geldautomaat,jenden,bewonderde,geschrokken,getobd,concurrentie
hen,einde,verdediging,zuid,heldin,mij,kleindochter,team,training,zijzelf,gezongen,schoft,hopen,eum,jouw,ontstaat,liefhebben,bekroning,gebed,bewezen,ons,smakelijk,smakelijk,sterk,inbegrepen,fietst,concurreert,geruis,wegens,getobd,uitgezonderd,dakterras,geliefde,deelt,wang,presentatie,opmerking,aten,ik,schoren,vermoeden,hoger,hol*,herroept,zal,crematie,,goh,zusters,iemand,gebed,voelen,exact,vergaarde,orde,twee,jank,gemaakt,beneden,visueel,videoclip,wekken,profiteerden,onenigheid,vergiffenis,terroriseren,verwarde,machtig
iemand,voordien,ontzegden,plaats,aangemoedigd,wij,opmerking,meneer,hockey,ze,musicus,lesbo,zou,uh,je,bewijst,geliefde,concurreert,aanbad,verwarde,onze,fraai,slikt,fantastisch,binnenin,gespeeld,presentatie,bepraten,te,verwarde,ofschoon,woont,vriend,bemoedigt,hoofdpijn,mathematisch,aangemoedigd,slik*,mijn,poetste,onbestendig,bovenop,neemt,nimmer,wou,lijkkist,,tja,grootmoeder,jullie,aanbad,duwen,helder,geloofde,prima,zesde,geboet,bewezen,verlaagde,verschijning,televisie,comateus,kapitaal,gewalgd,intens,onbestendig,geschrokken,wint
jullie,tijdig,begrensde,nauwsluitend,liefhebbend,ikzelf,aangemoedigd,massa,train*,haarzelf,zongen,teef,verlangend,zz*,u,verantwoordde,geslachtsdelen,vergen,peetoom,meende,,luister*,gewicht,durven,waaronder,danst,ambtenaar,klinkt,vanwege,geschrokken,exclusief,poetste,buren,betasten,pijnloos,hogeschool,onderbreking,proefden,me,scheerschuim,verwarren,hoog,fietst,weerleggen,zouden,doodgeslagen,,bla,schoonzussen,uw,peetoom,tasten,besluit,heroverwegen,verleende,negenmaal,gefaald,verwarde,verlaagden,observeer,video,vermoeid,salaris,bekritiseren,vergeven,verwarren,zonden,toets
uw,volgende,verlegenheid,mijlenver,sterk,ons,onderbreking,meisje,traint,men,trommelen,sodemieter,gemoeten,zucht,jou,veroorzaakt,knuffelde,verbetering,eeuwigheid,analyseren,,horen,geslikt,trotseerde,binnen,gezongen,werkloos,klink*,door,zonden,uitzondering,schoonmaak,vriendinnetje,analyseren,knie,professor,betrek*,gedroomd,mijne,schoonmaak,probeerden,hoogte,inleveren,niets,willen,dood,,,schoonvader,Jij,eeuwigheid,merk*,eeuwig,vergaart,juist,negental,leeg,geschrokken,lager,lees,toneelspeelster,rust,waardeloos,onverzettelijk,genieten,forceerde,schreeuwden,doctoraal
Jij,daarna,bedwong,zuidelijke,ontzagwekkend,ik,betrek*,mensen,voetbal,hijzelf,instrument,trut,wenst,wel,,bewijs,sekse,gefaald,gebedenboek,afgewacht,,pijnloos,verhongerde,trotseerden,samen,honk,carrière,luistert,aan,elegant,uitsluiting,televisie,logé,terroriseren,schouders,leraar,betrekt,slapen,,wast,besluiteloos,westwaarts,nader*,verwierp,zullen,sterfelijk,,,oudoom,niets,crematorium,knuffelde,totaal,vermoeden,aanvaard,achtvoud,leed,meende,dieper,aangekeken,soap,nachtmerrie,aangeschaft,verdediging,liefhebben,verlegenheid,onderbreking,won
zij,eeuwigheid,inhouden,ver,verwelkomden,onze,stiefmoeders,baby,gymnastiek,hun,uitgegaan,idioot,tegenstrijdig,,,geïmpliceerd,lesbisch,kampioenschap,zegen,vergaarde,,zag,klaargemaakt,aanmoediging,extra,gejogd,salaris,klinken,tegenover,verrassing,noch,flatgebouw,vriendinnetjes,vervloekt,verslikken,leren,verwelkomden,smakelijk,,parfum,soort,verhogen,nadert,desondanks,wenste,overlijd*,,,broers,zij,sterf,merkt,ooit,vergaard,verleenden,tweeen*,machteloos,afgewacht,onder,gelezen,komedie,ingeslapen,uitkering,bitter,opgemonterd,benauwen,terroriseren,bekroning
onszelf,pril,weerhoud*,westelijk,fraai,mijn,kleintje,peuters,trainden,hemzelf,vermaak,verdorie,verwachtte,,,waardoor,miskraam,slaagt,dominee,ontstaan,,bitter,buffet,hopen,en,beroemd,gediplomeerd,klonken,tegen,heldin,maar,gezin,geliefden,slik*,hartslag,hoogleraar,aanduiding,wang,,scheert,veronderstelling,top,betreedt,noch,wens,overlijdt,,,schoonvaders,onszelf,gebedenboek,geknuffeld,feit,zag,beaamde,veertien,krenking,aangemoedigd,laagste,bezichtigen,vertoning,dromer,financier*,vervloek*,romanticus,onbehaaglijk,vervloekt,concurreert
zijzelf,vanavond,weerhoudt,krap,fantastisch,me,betrekt,jongste,sportief,haar,gedanst,sloerie,hoefden,,,redeneert,prostitutie,volbrengen,gedoopt,geloofde,,visueel,opgegeten,uitgemunt,omvatte*,komiek,macht,opbellen,binnenin,aangemoedigd,slechts,garage,lieveling,inpakken,ziekteverschijnsel,proefwerken,hoi,prostituee,,waste,raad*,westen,opschuiven,weersproken,wensten,lijkstoet,,,schoonzusters,mijzelf,zegen,omhelsd,juist,onthullen,overeengestemd,negende,treuren,schreeuwden,laagst,schenen,actrice,dromen,financiert,haatten,vergaf,radeloos,jenden,presentatie
iedereen,daaropvolgend,dwang,wijd,steunt,mijne,vrienden,mevrouw,buitensport,hij,zingend,gelul,hoopgevend,,,oorzakelijk,flirten,gevergd,baden,ontstaat,,verschijning,geluncht,aansporing,opnemen,musicus,financier*,weerklinken,aangaande,schreeuwden,daarentegen,huishouding,buurman,betrek*,verlammend,vorming,luister*,hoofdpijn,,schoongemaakt,raadt,boven,danst,herriepen,wilde,overleden*,,,stiefmoeder,mij,overledene,tastbaar,alle,ontkenden,acceptabel,twintigste,gewanhoopt,naderde,onderste,aangewezen,TV,afgemat,prijslijst,verijdelen,lachwekkend,ontwijkt,dwaas,mathematisch
jouw,welnu,ontwijkt,plek,durven,,verwelkomden,mannen,golf,,uitgaan,reet,gehoefd,,,verantwoord,geknuffeld,mislukten,biecht*,einde,,observeer,at,opgefleurd,mee,gepoetst,financiert,aanspreken,jegens,onderbreking,uitsluiten,huishouden,vriendschappelijk,hol*,maagpijn,werkcollege,onenigheid,zoende,,scheer,hoewel,op,vloog,neen,zult,noodlottig,,,vader,wat,dominee,druk,verzekerd,accepteer,verleend,twaalfde,schaadt,aten,laag,gestaard,videorecorder,slaapt,financierde,bestraft,wijden,vertwijfeld,onenigheid,hogeschool
ze,ogenblik,ontwijk*,oppervlak,steun*,,aanduiding,dames,gewandeld,,schouwburg,godverdorie,gewild,,,rechtvaardigden,seksueel,uitgemunt,hel,leest,,bijeengeroepen,proef,behaalde,inclusief,training,bedrijfskunde,verklik*,binnen,terroriseren,buitensluiten,schoongemaakt,genodigden,ontstaan,diarree,proefwerk,onthullen,pijnloos,,badjas,beetje,hoogste,afgeleverd,nergens,wensen,cremeren,,,familieleden,zijzelf,gedoopt,voelt,bepaald,concentratie,verleent,vijftiende,droevig,verpakte,verlagen,vertoond,acteur,bewusteloos,verschuldigd,gehaat,genot,ontwijk*,onbestendig,ambtenaar
wij,verlengen,streng,klein,wint,,hoi,gentleman,race*,,slagwerk,klootzak,hoopt,,,redeneer,geliefden,gewonnen,gebod,bewijst,,geruis,kantine,hilarisch,in,zongen,financierde,doof,beneden,liefhebbend,dat,badjas,gast,ontstaat,krab*,schrift,bekritiseren,knie,,wasten,aannemelijk,bovenste,gejogd,nee,wouden,dodelijk,,,stiefdochter,iedereen,baden,gemasseerd,beslissen,duidelijk,beaam,zevenen*,afgezonderd,vergaarde,,vertoont,zender,slaapwandelt,omkopen,geïrriteerd,vereerd,gewanhoopt,verwarren,professor
collega's,tegenwoordige,begrensden,kilometer,aanbad,,luister*,zuigeling,wandel*,,drum,lul,hoopten,,,origine,verleiden,toekenning,kapelaan,hoe,,lees,smaakte,heldhaftig,dit,dakterras,collega,oproepen,omstreeks,vervloekt,tenzij,appartement,buur,betrekt,zweet,studeert,ingeroepen,schouders,,douche,trachtten,,sjokken,niettemin,morgen*,begraafplaats,,,gezin,jouw,crematie,greep,betrouwbaar,analyseert,beaamden,oneindigheid,jengelde,binnengekomen,,toont,toneelspeler,geslaapwandeld,armzalig,bestraffing,vereert,angsten,forceerde,leraar
haarzelf,intussen,verdedigden,west,zoende,,onenigheid,ex,racen,,cd,verdomme,verwacht*,,,impliceert,bemint,concurrerend,priesterschap,heroverwegen,,knelden,gerechten,verwachtte,ook,hockey,arbeidsintensief,praatte,rondom,sterk,buiten,woning,bevriend,leest,bloosden,gediplomeerd,interruptie,gewassen,,geparfumeerd,waarschijnlijk,,vlieg*,verwerpt,wilden,moord,,,kleinzoon,ze,lijkkist,masseert,nimmer,ervaar,inderdaad,tien,deprimeren,jenden,,opgelet,bioscoop,sliepen,factuur,opdonderen,geliefkoosd,stress,gewalgd,werkloos
men,afgelopen,belemmer*,omringd,pijnloos,,onthullen,kindjes,racet,,dansen,klojo,verwachtten,,,beïnvloeden,tieten,talent,spiritualisme,vergaart,,voelen,inslikken,veelbelovend,omvatten,woont,counselor,beriepen,voorbij,ontzagwekkend,die,huis,introducé,slapen,verhongerde,leer,beantwoorden,verslikken,,geborsteld,leek,,vluchtte,ontkennen,wil,rouwkamer,,,mammie,wie,biecht*,vastgehouden,beslissing,bedoeling,goedkeuren,zesen*,jengelden,geloofde,,gezichtsvermogen,film,ontwaakt,koopje,venijnig,liefkozen,verwarden,bekritiseren,leren
ons,geschipper,belemmerd,verder,bevredigde,,bekritiseren,lady,lichaamsbeweging,,zingt,klote,zal,,,causaliteit,bemind,behaalde,vereerd,vermoeden,,bepraten,ontbijten,kracht,meegeteld,train*,bureau,uitgehoord,bovenop,jenden,of,keuken,vriendschap,dwaas,genitaal,pedagogie,verschaffen,slikt,,kamde,verwarden,,vliegt,verwerpen,wilt,grafsteen,,,dochters,wij,hel,raken,precies,denkbeeld,overeengekomen,vijfmaal,mislukten,proefden,,gezien,toneel,afmatten,betaling,bestraffen,bemint,onrust,onverzettelijk,carrière
onze,eeuwig,belemmert,groot,won,,stiefdochters,kinderen,zwemmen,,zing*,donderop,hoef,,,vanwege,incest,faal,vereert,vergaard,,klinkt,schaal,dynamiek,daaronder,trommelen,onderhandelaar,spraken,nabij,dwaas,naast,terras,buurvrouw,bewijst,adem,schooljaren,antwoordden,hartslag,,kam,geaarzeld,,haalde,verwerp,,stierven,,,zussen,ikzelf,gebod,wrijf,inderdaad,gemeend,aanvaardt,tweevoud,overweldigde,gedroomd,,zie,soaps,doezelig,examengeld,frustratie,bemind,zenuwinzinking,gemeden,salaris
je,ooit,beletten,wijder,accepteer,,gespeeld,knul,zwemmer,,muzikant,shit,hoeft,,,beweegt,lust,faalde,spiritualiteit,verwarren,,klink*,luncht,uitdaging,deze,traint,vakkundigheid,bepraatten,betreffende,verwelkomden,buitengesloten,schoonmaken,vriendje,neemt,bloedden,ingeschreven,afgekeurd,ziekteverschijnsel,,geurtje,gissen,,betraden,herriep,,moordenaar,,,families,haarzelf,doodgeslagen,masseerde,definitief,leren,goedgekeurd,negenvoud,betreurenswaardig,verrichtte,,staar,reclame,gewekt,contant*,geïntimideerd,bemin*,verbijsterden,baatzuchtig,hoogleraar
u,vannacht,belette*,ernaast,bekroning,,ingeroepen,enkeling,wielrijder,,musical,geouwehoer,wou,,,redeneerde,bemin*,perfect,biechtte*,zag,,luistert,kookte,uitmuntend,bij,instrument,zakenvrouw,geluidloos,voor,fraai,behalve,TV,kameraad,steunt,neusklank,conrector,suggereert,gewicht,,schoonmaken,hopen,,stapte,weerlegd,,sterfelijkheid,,,schoonzus,men,dood,duw*,geheel,overwegen,goedgevonden,zevenvoudig,berusten,verwelkomden,,eruitzien,,middagdutje,winstgevend,antipathie,romance,paniekerig,verdediging,proefwerken
hijzelf,origine,geaarzeld,zuidwest,concentratie,,interruptie,kleintjes,fietsen,,zong,bullshit,moesten,,,beweeg*,porno,presteren,testament,onthullen,,duwen,lunch*,hoopgevend,meetellen,poetste,inspecteur,opzeggen,sedert,fantastisch,,huur,schat,durven,verlamming,leervermogen,beklag,verlammend,,haren,geschipper,,holt,ontken*,,doodgaan,,,opa's,ons,kapelaan,duwt,verzekeren,gesnapt,toestemming,eens,ondraaglijk,aanbad,,toonden,,slaapkop,hebzuchtig,walgt,vereerde,onveilig,interruptie,vergen
hun,al,terughouden,breder,idealisering,,beantwoorden,menselijk,trim*,,lied,klier,zouden,,,reactie,beminden,fiasco,avondmaal,verantwoordde,,klinken,slikten,trotseren,tussen,uitgegaan,concurrerend,geroepen,onder,steunt,,bed,genodigde,heroverwegen,kont,studentenhuis,raad*,maagpijn,,geschoren,aarzeling,,trok,ontkent,,rouwen,,,echtgenotes,iets,priesterschap,masseren,desondanks,vergiffenis,jawel,negentiende,huilen,zoende,,kijk*,,droomden,profiteerde,beledigden,streelt,overweldigde,netelige,vorming
hemzelf,november,verdedigend,plat,trotseerde,,feest,dame,trimt,,getrommeld,kankeren,willen,,,resulteren,verkrachten,kracht,gratie,ontkenden,,klonken,dorstig,moedig,helemaal,voetbal,werkzaam,beluister*,mee,durven,,woon,buurt,steun*,borstkas,kantine,vergiffenis,geslikt,,schoor,weifelde,,benaderde,ontkend,,overleed,,,echtgenoten,ik,spiritualisme,aftasten,verzekerden,geweten,overeenkomst,zes,schade,vergaard,,kijkt,,wakker,verkopen,beledigde*,verknocht,ongerust,bitter,verbetering
haar,maart,aarzeling,zuidwestelijk,feest,,zusters,personen,spel,,concert,klere,maar,,,ontstond,orgasme,uitdaging,christendom,onverzettelijk,,tasten,kauwde,gedurfd,tot,vermaak,ontslag,beluisterd,in,steun*,,tuin,kennis,vergaart,verslik*,examens,raadt,diarree,,scheren,gis*,,haalden,herroepen,,fataal,,,kleinzonen,onze,vereerd,masseerden,volstrekt,losmaken,aanvaardde,vijfen*,missen,bevredigde,,keken,,vermoeien,erfde,haatte,lieveling,verwardheid,vreemd,werkcollege
hij,voortduring,verboden,lang,populair,,baby's,partners,biljart,,theater,kreng,zullen,,,rechtvaardiging,verleidt,uitmuntend,gelovigen,gemeden,,opbellen,kookt,uitmunten,opgenomen,schoonmaak,zakenman,beluistert,volgens,wint,,gezinnen,kameraadschap,luister*,kramp,studentenhuizen,bijeengeroepen,krab*,,kamden,gist,,bezochten,herroep*,,graf,,,broer,je,vereert,pak*,garanderen,realiseerden,ingewilligd,achttiende,teleurstelling,zag,,eruitgezien,,rustten,financieel,verdoemd,extase,nood,vervloek*,proefwerk
jou,decennium,hindernis,westelijke,interesseerde,,mens,jongeman,volleybal,,zang,godverdomme,verlangde,,,resultaat,verleid*,doel,moraliseren,verdediging,,aangekeken,kookten,vrijmoedig,plus,gymnastiek,bevoegd,vraagt,naar,aanbad,,huishoudelijk,bekende,horen,spuug,onderwees,besproken,zweet,,krullend,verwardheid,,snelt,geen,,aftakeling,,,achterkleinzonen,u,spiritualiteit,duwden,compleet,verdenken,geaccepteerd,achtmaal,depressie,forceerde,,oplettend,,loom,consument,haat*,band,beangstig*,verlegenheid,gefaald
,recent,belet*,hoger,geborgen,,grootmoeder,vrouwen,raceten,,muziekliefhebber,snertding,wenste,,,redeneerden,frigide,opgeleverd,pastor,probeerden,,gelezen,zwaarlijvig,opgewekt,omvat*,videoclip,verkopen,vertelde,achter,zoende,,balkon,vriendjes,vermoeden,knieschijf,cursus,hallo,bloosden,,wassen,schenen,,liepen,verwierpen,,sterfgeval,,,schoondochters,mijn,biechtte*,aanraking,verzekert,vat*,ja,drie,moedeloos,gewalgd,,scheen,,slaapwandelde,armoedig,gewelddadig,geromantiseerd,beangstigt,wantrouwt,schrift
,plotseling,weerhielden,overal,trotseerden,,verschaffen,jochie,gevist,,rapmuziek,gekanker,behoorde,,,motiveert,hoer,kampioen,onsterfelijkheid,besluiteloos,,bezichtigen,mager,actief,,trainden,sollicitatiegesprek,praatje,bij,onenigheid,,inwonend,introducés,wint,geslachtsdelen,rekenwerk,beledigden,verhongerde,,borstelen,onwaarschijnlijk,,vervoeren,buiten,,kerkhof,,,overgrootvader,me,testament,gewreven,garandeerden,bekentenis,goedvinden,derde,somber,verantwoordde,,bezichtiging,,slaapwandelaar,belasting,hinderen,romantiseert,ongemak,bedwong,studeert
,onverhoeds,verdringen,verlaagd,bewonderde,,antwoordden,mijnheer,fietste,,jazzy,pik,hopelijk,,,doel,zoenden,uitmunten,Pasen,voltooi*,,schenen,gesmaakt,optimisme,,sportief,werknemer,vraag*,per,onbestendig,,wonen,,dient,besmetting,getoetst,beledigde*,genitaal,,shampoo,iemand,,actie,nooit,,doden,,,stiefouder,niemand,sterfelijk,knellen,verzeker*,leer,accepteert,zeventien,pathetisch,ontkenden,,las,,bed,goedkoper,bestraften,aanhankelijk,beangstigd,haatten,gediplomeerd
,voormiddag,rigide,oost,vergiffenis,,afgekeurd,individuen,jogger,,gitaar,flikkers,wens,,,gerationaliseerd,condoom,succes,katholiek,moet*,,aangewezen,bier,toegejuicht,,gedanst,officier,zeg,tussen,pijnloos,,huiselijk,,verwarren,braaksel,boek,bekentenis,adem,,schoon,verbazing,,geklommen,verworpen,,lijk,,,ouders,hijzelf,avondmaal,grijpen,feitelijk,opbouwen,verleen,half,janken,won,,opletten,,slaperig,euro,beledigend,beminden,onzekerheid,wantrouw*,leer
,toenmaals,meden,binnenin,verbetering,,suggereert,kerels,joggen,,gezang,kut,wensten,,,gereageerd,geslacht,vergden,belijden,accepteer,,weerklinken,smaken,hoopt,,buitensport,directeur,zei,uit,verwarren,,veranda,,onthullen,hartaanval,lerares,excuseren,inslapen,,schoonmaakbeurt,onzekerheid,,verdween,ontkende,,sterven,,,grootmoeders,hun,overlijd*,pakten,zekerheid,vergeven,aanvaardden,vieren*,ondergang,gespeeld,,toegekeken,,ontwaken,inkopen,stommerik,koesterde,huiveringwekkend,benauwen,macht
,nimmer,beteugelen,hier,hartelijkheid,,beklag,volwassene,zwom,,koor,snob,hoop,,,geresulteerd,knuffelt,geïnitieerd,paus,concentratie,,aanspreken,maaltijd,hoopten,,zingend,ministerie,luisterden,over,bevredigde,,woonplaats,,fietst,comateus,onvoldoende,verschaften,liefhebben,,wastafel,trouwens,,meegevoerd,weerspreken,,begrafenisonderneming,,,echtgenote,hemzelf,gratie,masseer,natuurlijk,bedoelt,oké,zeventig,faal,gemeden,,getuige,,moe,kochten,straffen,verheugden,overstelpend,berouwvol,kampioenschap
,regelmatig,opgehouden,miniem,bevrijdde,,raad*,huisvrouw,sportieve,,stereo,lullig,moest,,,motiveren,knuffel*,concurrent,vereerde,duidelijk,,opgegeten,diner,verwacht*,,golf,kantooruren,zeggen,tot,forceerde,,bewoner,,inleveren,gekotst,tentamen,vergeven,bloedden,,badkamer,tamelijk,,betreed,niet,,overlijdensakte,,,kleindochters,mijne,overlijdt,knuffelt,garandeerde,bedoeld,akkoord,viervoudig,gejammerd,probeerden,,blind,,slaapwandel,winst,verdedigden,bewondert,afschrikken,bizar,financier*
,onsterfelijkheid,verdring*,midden,confronteerde,,vergiffenis,volk,trimde,,operette,smeerlap,conflict,,,afgeleid,beminde,voorvechter,vereeuwigen,veroorzaakt,,proef,schranspartij,heldhaftigheid,,gewandeld,minister*,vertel*,buiten,gewalgd,,woonden,,bekritiseren,darm,inschrijving,weigeren,neusklank,,kammen,gisten,,gereisd,,,vermoorden,,,grootouder,haar,christendom,knuffel*,garandeer,herken*,accepteerde,honderdvoudig,ontneem*,geworden,,tonen,,slaapwandelden,contributie,kritisch,bewonderd,vreesden,verijdelen,pedagogie
,aanhouden,ontliep,oostelijk,aaien,,raadt,huisvrouwen,sport,,cassette*,flikker,behoren,,,aangericht,ontucht,presteer,Satan,ontzegden,,smaakte,opdrinken,verwachtten,,race*,gezag,vertelt,na,bekritiseren,,verblijfplaats,,nader*,vermoeid,les,redeneert,verlamming,,kamt,probeer,,gerend,,,begraven,,,neef,hij,gelovigen,drukte,klaarblijkelijk,herkent,accepteren,honderd*,faalde,ingeroepen,,vertoning,,indutten,koopt,verachten,bewonder*,overstelpen,bestraft,financiert
,oneindigheid,verdringt,verlaagt,beloond,,bijeengeroepen,vent,wandelen,,trommel,,wilde,,,rationaliseerden,aangerand,mislukking,zielen,begrensde,,merk*,lunchen,flink,,wandel*,indiensttreding,verteld,gedurende,onverzettelijk,,schoonmaakbeurt,,afdingen,geradbraakt,leerling,openbaarden,geliefde,,zeep,probeert,,geklauterd,,,sterfbed,,,echtgenoot,jou,moraliseren,merkte,jawel,herkend,overeenstemming,negenvoudig,ontneemt,omgekleed,,ingebeeld,,roes,debiteur,spot,streelden,beefde,gehaat,slaagt
,middag,blokkeert,verlaag,beloont,,besproken,teamwork,trainer,,dansten,,behoort,,,invloed,neuken,geconcurreerd,mediteerden,bewijs,,verklik*,snack,optimist,,racen,arbeidskrachten,gezegd,vanuit,won,,badkamer,,nadert,hoest,academicus,onderbroken,kont,,krul,vaag,,innemen,,,overlijden,,,moeder,,pastor,gepakt,besloot,redeneert,toegestemd,vijftig,bedroevend,gewassen,,gekeken,,slapend,inkoop,frustreren,opgetogenheid,angstaanvallen,geïrriteerd,volbrengen
,ochtend,beteugeld,binnen,zegen,,hallo,partner,trainen,,instrumentaal,,behoord,,,begin,lul,eervol,mediteer,analyseert,,doof,avondeten,overtreffen,,racet,commissie,hoort,boven,gemeden,,kamer,,voltooi*,kouwelijk,filosofie,kritisch,gepoetst,,poetsen,verwachtte,,vervolgen,,,doodslaan,,,vrouw,,onsterfelijkheid,wrijven,vastbesloten,openbaarden,acceptatie,negentien,tragedie,trotseerde,,perceptie,,dromerig,verkwistte,irritant,tevreden,schrik,afgekeurd,bedrijfskunde
,herhaaldelijk,weggestopt,beneden,intens,,vriendinnen,individueel,jogden,,danste,,gehoopt,,,teweeggebracht,homo,initiatief,theoloog,ervaar,,knuffelde,kauwden,oppermachtig,,televisie,bevoegdheid,verklikken,om,baatzuchtig,,flat*,,beantwoorden,teen,gestudeerd,verontschuldigd,borstkas,,make-up,tijdelijk,,bracht,,,rouwden,,,schoonzuster,,lijkstoet,knelt,standvastig,snap*,zeker,acht,deprimeerde,ontzegden,,toekijken,,rustte,banksaldo,bestraf*,gestreeld,paniek,verdraag*,schooljaren
,reeds,beperken,gebied,deugd,,beledigden,kindje,elftal,,stereo-installatie,,zult,,,daarvoor,kussen,overtreffen,dopen,verlegenheid,,oproepen,kookboek,gewaagd,,uitgaan,arbeidsmarkt,lawaai,op,verdediging,,poetsen,,verstoren,doof,schooltijd,verontschuldigt,verslik*,,borstel,betwijfelden,,ingepakt,,,gerouwd,,,stiefkinderen,,Pasen,knel*,vertrouwt,helder,beaamt,zesvoud,gekwetst,was*,,kijkje,,vermoeiend,kopen,vergalden,juichten,verschrikkelijk,onbehaaglijk,financierde
,overdag,ingehouden,rondom,vergeven,,beledigde*,minderjarigen,skiën,,muzikaliteit,,wensen,,,rechtvaardigen,aanranding,volbrachten,zedelijk,bedwong,,merkt,opeten,inspireert,,video,vennootschappen,hoorden,ter,interruptie,,woonde,,moet*,buil,eerstejaars,aanmoediging,kramp,,parfumeren,bijna,,beweegt,,,sterft*,,,nicht,,katholiek,pijn,vertrouwd,snapt,beaamd,tweemaal,huilbui,kreeg,,observatie,,slaap,koper,zanikte,vergeef,vernederden,waardeloos,collega
,toekomstig,verbood,verlaagde,genieten,,bekentenis,volwassen,vissen,,drums,,verlangen,,,afhankelijk,impotent,verlies,Christelijk,bedoeling,,gestaard,kauwt,held,,schouwburg,vergoeden,bijeenroepen,omtrent,accepteer,,verblijf,,accepteer,overgeven,leslokaal,bepraten,spuug,,poetsten,eens,,beweeg*,,,sterfte,,,neven,,overleden*,onderhoudend,beslisten,concentreer,overeenkomen,zevental,fiasco,gegarandeerd,,staarden,,slapeloosheid,erfgenaam,afgekraakt,verrukkelijk,verbijsteren,eigenzinnig,arbeidsintensief
,komende,voorkomt,zuidoosten,liefhebben,,excuseren,individu,fiets,,muziek,,wouden,,,verantwoordt,zoenen,slagen,fundamentalisme,denkbeeld,,vertoond,kauw*,geïnspireerd,,toneelspeelster,chef,gebabbeld,naast,bekroning,,gewoond,,concurreert,lichaam,studiekeuze,bevalen,knieschijf,,poets*,geloofden,,droeg,,,onsterfelijk,,,gezinnen,,belijden,merkten,niettemin,herkenden,toestemmen,negen,teneergeslagen,begrensde,,staart,,versuft,vergoeden,verdedigend,beminde,ramp,bestraffing,counselor
,beginnen,bedwongen,oosten,interessant,,verschaften,volwassenen,zwem,,zingen,,hoeven,,,rechtvaardigt,kus,volmaakt,protestantisme,gemeend,,vertoont,dronken,overtrof,,lichaamsbeweging,promoveren,uitgesproken,vanaf,concentratie,,poetsten,,betreedt,zwanger,promoveren,opper*,geslachtsdelen,,poetst,veranderlijk,,gedanst,,,doodsstrijd,,,zonen,,noodlottig,aangeraakt,absoluut,besluit,okay,zestiende,ramp,veranderden,,aanwijzen,,dutje,betaalden,kwalijk,gehecht,vreselijk,opdonderen,gevergd
,zomer,verhindert,breed,oprecht,,schoonzussen,mannelijk,spelend,,zangeres,,hoefde,,,rechtvaardig*,beminnen,verbeteren,religieuze,geïmpliceerd,,praatte,broodmager,enthousiasme,,flatgebouw,taakomschrijving,praat*,sinds,netelige,,poets*,,veroorzaakt,geheeld,academie,bezochten,besmetting,,gekamd,schipperen,,benadering,,,doodgegaan,,,schoondochter,,paus,raakt,steeds,beseften,accepteerden,tiental,ontmoedigt,bedwong,,lazen,,vermoeidheid,girorekening,dwarsbomen,romantisch,vernederen,venijnig,mislukten
,tijdelijk,verhinderd,noordoost,ontspan*,,team,kind,wandelden,,drummen,,verlangd,,,reageerden,zoent,verspeeld,bede,leren,,toont,aperitief,trotseert,,zwemmen,carrièrejager,verhoor,van,idealisering,,poetst,,opschuiven,miskraam,scholier,luistert,klaargemaakt,,,verbazend,,verdwenen,,,begrafenis,,,opa,,vereerde,raak*,feite,betekende,aanvaarden,tweetal,ontmoedigd,haatten,,observeren,,slaapverwekkend,effecten,jende,gewijd,aversie,bestraffen,bureau
,aanstonds,nauwkeurig,daar,aanmoediging,,vergeven,moeders,conditietraining,,drummer,,verlangt,,,verband,knuffelden,verg,peettante,herinnerde,,opgelet,keuken,uitblinken,,zwemmer,opslag,bepraat,,bitter,,woonachting,,bewijs,hoestten,cijfer,stoorde,buffet,,,hoopgevend,,klauterde,,,vermoord,,,zus,,vereeuwigen,wreef,vertrouwden,ontkenning,verlenen,twaalf,ontmoedig*,profiteerden,,keek,,coma,overvloed,erger,vrolijkheid,verstijft,ongeduldigheid,onderhandelaar
,telkens,wegstoppen,verlaagden,ondersteunen,,weigeren,minderjarige,speelde,,radio,,verlang*,,,reageren,seksualiteit,presteert,zondigt,veronderstelling,,gezichtsvermogen,verhongeren,durfde,,soap,getuigschrift,verhoorde,,trotseerde,,,,analyseert,spieren,eerstejaarsstudent,counselor,braaksel,,,hoogstwaarschijnlijk,,ontvingen,,,gestorven,,,achterkleinzoon,,cremeren,pakt,ja,voorstellen,overeenstemmen,kwart,erbarmelijk,gemeend,,zagen,,geslapen,schoolgeld,vervloekten,lachte,verstijf*,domkop,ingeschreven
,continuiteit,halsstarrig,bovenop,spannend,,redeneert,menigte,sportliefhebber,,cassettebandje,,behoor,,,beïnvloedt,verkrachting,overtrof,kerk,bevestigen,,geknuffeld,eet,vertrouwt,,slagwerk,economische,roep*,,feest,,,,verslikken,reumatisch,psychologie,argument,wekken,,,scheen,,gewandeld,,,overlijdensbericht,,,oom,,Satan,voelden,beslist,verklaring,,viermaal,betreurden,geïmpliceerd,,gadegeslagen,,suf,erf,bekritiseerden,romantiseerde,verbijsterd,beklag,conrector
,aanstaand,defensief,omringen,confrontatie,,schoonvader,teamgenoot,tennis,,jazz,,behoorden,,,verantwoordden,hartstochtelijk,verloren,satanisch,overwegen,,beriepen,dorst,vertrouwd,,drum,sollicitatieformulier,medegedeeld,,vreemd,,,,vervloek*,blos,bestudeert,verdeelde,hartaanval,,,gelegenheid,,race*,,,rouwde,,,mam,,zielen,voelde,beslis*,bespeurde,,zesmaal,nutteloos,gezongen,,waarnemen,,vermoeide,bonnetje,treiteren,opmonteren,verbijstert,frustratie,leervermogen
,herfst,beheerste,nabij,opgemonterd,,openbaarden,menselijke,schaatsen,,popgroep,,hoopte,,,hieruit,begeerte,vervullen,moraliserend,vergen,,gezien,proefde,vitaliteit,,gezin,rekening,roept,,vervloek*,,,,slikt,gezichtsvermogen,test,opbellen,comateus,,,raadden,,wandel*,,,rouwt,,,man,,mediteerden,pijnlijke,volslagen,geopenbaard,,vijfvoudig,geïsoleerd,interesseerde,,gadeslaan,,ingedut,opslag,goddomme,verheugde,kwetsbaar,geïntimideerd,uitgemunt
,eens,begrens,waarin,concentreer,,meneer,,aerobics,,dans,,wilden,,,bewijzen,hartstocht,eer,gemediteerd,gesnapt,,zie,gerecht,inspireerden,,cd,spreekkamer,verhoort,,verlegenheid,,,,dien*,krabde,Engelse,participeren,gekotst,,,veronderstelden,,klauterden,,,zelfmoord,,,verwanten,,dodelijk,knuffelden,vastberaden,snapte,,tiende,berust*,antwoordden,,staren,,gerust,aanschaffen,doodgeslagen,geluk,verbijsterend,antipathie,vakkundigheid
,wekelijks,verdrong,kort,wijs,,onderbroken,,fitness,,zanger,,hoopvol,,,veroorzaak,vaginaal,doelbewust,pastoor,vergiffenis,,omhelsd,drinken,toejuichen,,dansen,vakbondslid,beluisteren,,wantrouwt,,,,ervaar,kaakbeen,eindexamen,geopenbaard,darm,,,indien,,racen,,,stierf,,,stiefouders,,mediteer,duwde,resoluut,realiseert,,één,betreuren,gehaat,,getoond,,slaapwandelen,economische,schoft,toegewijd,forceer,plaagden,zakenvrouw
,vereeuwigen,voorkwamen,wereld,vermaakten,,verloofde,,wielrenner,,orkest,,verlangden,,,veroorzaakte,knuffelen,nederlaag,paragnost,geweten,,staar,diëtiste,vrij,,garage,verantwoordelijk,sprak,,bedwong,,,,wantrouwt,eierstok,studeren,wijsgemaakt,vermoeid,,,althans,,racet,,,doodskist,,,stiefbroers,,theoloog,gekneld,erewoord,beseffen,,achttal,ontnamen,geïrriteerd,,bezichtigden,,slapeloos,bank,gebelgd,verknochtheid,bang,berusting,studentenhuis
,jaarlijks,vastgehouden,daarin,veilig,,kritisch,,jogt,,muzikaal,,moeten,,,beredeneerd,homoseksueel,uitblinken,geestkracht,losmaken,,tastbaar,smaakt,behaald,,huishouding,marketing,vertelden,,haatten,,,,wantrouw*,uitputtend,testte,verwelkom*,opgegeten,,,weifelden,,gehold,,,gecremeerd,,,mama,,dopen,jeuk,helemaal,onthul*,,zestigste,verlaat,afgekeurd,,bezichtigde*,,rusten,rekening,mishandelde,genegenheid,paranoïde,achterdochtig,gewonnen
,laatst,geremdheid,zuiden,hopen,,verontschuldigd,,jog*,,refrein,,wil,,,doelbewust,vrijen,win,fundamentalist,inhouden,,geur*,gegeten,behaalt,,huishouden,ontslagen,uitdrukken,,wantrouw*,,,,benauwen,symptoom,overdragen,afwijzen,poetste,,,vermoedden,,dragen,,,rouw,,,grootouders,,zedelijk,grijp*,verzekerde,kennen,,duizendmaal,leegheid,geslikt,,visie,,droomde,kostbaar,vit,vereerden,kwetsbaarheid,walgt,toekenning
,zoeven,bedwang,verspreid,romanticus,,verontschuldigt,,tennisbaan,,,,wilt,,,geredeneerd,ontrouw,toekennen,God,weerhoud*,,uitgehoord,dronk,opvrolijken,,wielrijder,functioneren,opgebeld,,benauwen,,,,danst,afgemat,bibliotheek,verwelkomd,geluncht,,,betwijfelde,,verhuizen,,,gedood,,,grootvaders,,Christelijk,raakte,garandeert,bespeur*,,vijf,pessimist,trotseerden,,oog,,droomt,entreegeld,berisp*,verrukking,angstig,begaf,inspecteur
,schipperen,voorkwam,noord,prima,,aanmoediging,,oefening,,,,verwachting,,,bewogen,liefgehad,falen,gebeden,realiseerden,,eruitzien,fornuis,hopelijk,,fietsen,concurrent,luisterde,,berouwvol,,,,leren,lijfelijk,verzuimen,verwelkomt,rust,,,sommige,,verhuis,,,,,,papa,,begraafplaats,grijpt,nooit,bedenkt,,eenen*,verdriet,zaten,,verschijnen,,droom,failliet,lesbo,strelen*,beefden,veroordeeld,voetbal
,jeugdig,blokkeerde,afgelegen,verwelkom*,,ondersteunen,,zwommen,,,,behalve,,,causaal,bloot,winnen,biechten,trachtten,,spraken,gekookt,wilskracht,,trim*,onderhandelden,aangesproken,,populair,,,,verschaffen,beefde,onderwijzen,onderhandelaar,geradbraakt,,,omstreeks,,volgen,,,,,,paps,,fundamentalisme,aanraken,besluiten,bespeurt,,zevenmaal,krenkten,vloog,,bezichtig*,,sliep,winkelden,teef,opvrolijken,vrezen,veroordeelt,kantine
,gelegenheid,beklemmend,afstand,toeschietelijk,,bepraten,,aerobic,,,,onjuist,,,effect,libido,concurreren,engel,weerhoudt,,toonden,hapje,trots,,schoongemaakt,uitdienst,meld*,,interesseerde,,,,verijdelen,getinteld,onderwijzer,beoordeeld,at,,,twijfelend,,ontving,,,,,,stiefvader,,protestantisme,merken,zeker,bespeurd,,zevende,krenkte,herinnerde,,bezichtigt,,moeheid,onkosten,berispt,aanbidden,obsederen,jank,examens
,voltooien,ontweken*,lager,verwelkomd,,bevalen,,sportwedstrijd,,,,,,,implicatie,liefkozing,presteerden,onsterfelijke,verdenken,,druk,verhonger*,behaal,,trimt,zaak,meldt,,bizar,,,,bestraft,kotste,studentenvereniging,beoordeelt,proef,,,weifelt,,gedragen,,,,,,kleinkinderen,,religieuze,geduwd,vertrouwen,redeneer,,tachtig,bezwijk*,bewonderde,,bezichtigd,,,beleggen,uitvechten,streelde,beklemmend,geboet,concurrerend
,uitscheiden,onwillig,dieper,verwelkomt,,geliefde,,getrimd,,,,,,,beredeneerden,zoen,verliest,duivels,vat*,,ruikt,verhongert,hoop,,spel,vergaderd,klank,,geborgen,,,,verdraag*,borstvoeding,schoollokalen,beoordeel,nachtmerrie,,,weifel*,,reisde,,,,,,schoonmoeder,,moord,omhelzen,besliste,biecht*,,achten*,bezwijkt,splitste,,bekeken,,,ingekocht,afkraken,toewijding,ontweken*,beledigden,werkzaam
,poosje,vermeden,onder,hulpvaardig,,opper*,,spelenderwijs,,,,,,,bewegen,naakt,behaald,gezondigd,bekentenis,,ruik*,verhongerd,opfleuren,,zingt,vergadert,beroept,,verijdelen,,,,suggereert,beroerte,presenteerde,beklaagde,hoest,,,hoopt,,verhuisde,,,,,,stiefkind,,rouwkamer,knuffelen,altijd,besefte,,duizendvoudige,treurende,gesnapt,,bekijkt,,,besparingen,hebzuchtig,beminnen,rusteloos,gefaald,ontslag
,gauw,voorkom*,oppervlakte,doorstond,,bezochten,,spelletje,,,,,,,basis,verkracht,behaalt,zegenen,dwang,,bepraatten,dieet,triomferend,,zing*,werkte,hoor,,bestraft,,,,opdonderen,uitgeblazen,collegezaal,onthul*,kouwelijk,,,hoopten,,sjokt,,,,,,dochter,,grafsteen,drukten,stellig,vergaf,,duizendste,wanhoopt,geweten,,bekijk*,,,duur,vergiftigd,lief,schrok,weerzin,studentenhuizen
,ondertussen,vertik*,mee,uitgemunt,,luistert,,fietsten,,,,,,,vandaar,pornografie,toegekend,hemel,leer,,kijk*,bar,super,,muzikant,geconcurreerd,geraas,,gehaat,,,,krab*,aderverkalking,presenteren,aanspreken,ingeslapen,,,verwacht*,,sjok*,,,,,,zwager,,bede,gegrepen,besloten,overhalen,,dertien,bezwijken,afgeleverd,,ziet,,,verdienden,jen,bewonderen,beangstigen,beledigde*,onderwees
,maandag,verbiedt,uitgebreid,bedreven,,stoorde,,speelden,,,,,,,daarom,verleidde,wedijveren,gepreekt,lees,,kijkt,smaak,inspireren,,badjas,overdragen,oren,,geïrriteerd,,,,bevestigen,bloederig,lesuur,bekritiseerden,smaakte,,,verwachtten,,omgelopen,,,,,,zoon,,peettante,tast,vastberadenheid,onderzoek,,halve,getreurd,gejogd,,uitzicht,,,verdiende,beledig*,innig,verontrust,radeloos,cursus
,naderhand,ontloopt,hoog,waardeerde,,oudoom,,basketbal,,,,,,,impliceren,vagina,behaal,Onze-Lieve-Heer,leek,,geluidloos,lunchte,triomfantelijk,,biljart,functioneerde,spreek*,,afgekeurd,,,,bestraffen,tieten,lesuren,deelgenomen,schoonmaak,,,willekeurig,,snelde,,,,,,stiefbroer,,stierven,tastten,overtuiging,evaluatie,,miljard,bezweken,bloosden,,verschenen,,,honorarium,beledigt,vrolijk,wanhoopt,dwang,zakenman
,abrupt,verbied*,zuidwaarts,doorstonden,,collega,,wandelt,,,,,,,uitwerking,pik,geslaagd,mediteren,beamen,,voelt,honger,glansrijk,,volleybal,adviseur,spreekt,,verdraag*,,,,vastplakken,uitputten,literatuur,redeneer,gerechten,,,kans,,meenemen,,,,,,tante,,zondigt,pakken,vertrouwde,beweegt,,zestal,eenzaamheid,geleid,,vertoonde,,,spaargeld,wrok,liefdevol,generen,leeg,bevoegd
,uiteindelijk,vermijd*,hoogte,gewonnen,,counselor,,gezwommen,,,,,,,oorzaak,genitaliën,vergde,godsdienst,gewenst,,opzeggen,smaakvol,vertrouwden,,raceten,verzuimen,roepen,,trotseerden,,,,overwegen,bewusteloos,leslokalen,tegenspreken,teen,,,geloof,,haalt,,,,,,schoonzusje,,kerk,afgetast,echt,merk*,,vijfde,mislukking,geïntimideerd,,tentoonstellen,,,geïnvesteerd,last,bewonderden,verbijstering,leed,verkopen
,tijdens,blokkade,zijde,verstandig,,argument,,beweging,,,,,,,impliceer,flikkers,verbeterd,christen,herinnerden,,geroepen,lunchten,krachtig,,appartement,ambt,beluisterden,,onbehaaglijk,,,,vergen,getrild,testten,gecommuniceerd,doof,,,afhankelijk,,gooide,,,,,,ouder,,satanisch,drukt,vertrouw,redeneerde,,eenmaal,boetten,had,,waarneming,,,uitgegeven,vernietigend,fijn,schrikt,machteloos,sollicitatiegesprek
,dagelijks,verlegen,aaneengesloten,behaaglijk,,wijzelf,,gefietst,,,,,,,gevolg,kut,verbetert,vereerden,ontwijkt,,keken,dik,triomf,,gevist,functies,uithoren,,waardeloos,,,,raad*,keelamandel,studierichting,vergaf,knuffelde,,,voorzichtig,,weggebracht,,,,,,eega,,moraliserend,vasthouden,volkomen,beweeg*,,vijfvoud,bedruktheid,verhongerde,,observeerden,,,gratificatie,slag,teder,ontbering,haatte,talent
,jong,ontzeiden,positie,toekenning,,massa,,conditie,,,,,,,bewerkstelligd,liefde,mislukte,genade,ontwijk*,,eruitgezien,hongerig,doeltreffend,,musical,dienst,babbelen,,eigenzinnig,,,,wenden,stijf,onderwijst,overhalen,buil,,,onduidelijk,,zwemmen,,,,,,pa,,gemediteerd,pijnlijk,,inzicht,,eerste,bezweek,aangewend,,kijken,,,investeer,negeerde,koesterden,paniekzaaier,ontwijkt,rekenwerk
,december,strengheid,kilometers,vergaf,,verdeelde,,geracet,,,,,,,beïnvloedden,aanranden,eergevoel,Heer,opbouwen,,gemasseerd,koken,stralend,,fietste,onderhandel,oor,,bestraffing,,,,losmaken,dorstig,leerkracht,aansporing,dromer,,,gedraal,,zwemmer,,,,,,oudtante,,moordenaar,voel,,merkt,,vijftien,wanhoopten,realiseerden,,bekeek,,,winkel*,woede,hartstochtelijk,wanhoopten,verdoemd,getoetst
,voorbij,verhinder*,heelal,rust,,broers,,getraind,,,,,,,beredeneert,schede,vergt,aanbidden,streng,,oplettend,dikke*,vrijheid,,zong,zakelijk,weerklonken,,opdonderen,,,,zweet,botten,academische,treffen,dromen,,,verwarring,,benader*,,,,,,familie,,pastoor,gedrukt,,bekent,,nul,berustte,trachtten,,toonde,,,rijk,intimideerden,hartstocht,nerveus,ongeduld,boek
,toenmalig,blokkeren,terrein,lachwekkend,,opbellen,,gym*,,,,,,,beïnvloedde,seks,competentie,moraal,vergeven,,beluister*,slok,behaalden,,jogger,winkelier,vertellen,,bewonderde,,,,raadt,verdoven,docente,berisp*,overgeven,,,iedereen,,stroomt,,,,,,kleinkind,,paragnost,pakte,,bekend,,elf,verpletterend,plaagden,,aanblik,,,zuinig,intimideerde,toewijden,verlegen,haat*,werknemer
,duur,voorzichtig,zuidelijkst,wijden,,participeren,,trimden,,,,,,,bron,gezoend,bekroond,bidden,bedoelt,,scheen,doorslikken,zelfvertrouwen,,joggen,presenteerde,beriep,,venijnig,,,,inhouden,verstijfd,presenteer*,redeneerde,lichaam,,,weifelend,,benadert,,,,,,pappie,,geestkracht,omhelzing,,gereflecteerd,,zeven,ontmoedigen,bijeengeroepen,,lezen,,,verdien*,dreigde,blijdschap,verpletterend,vertwijfeld,officier
,begin,ontloop,noordoosten,troost,,geopenbaard,,spelen,,,,,,,teweegbrengen,abortus,verbeter,bad,bedoeld,,beluisterd,verhongerden,inspireer,,zwom,presenteren,gemeld,,bestraffen,,,,weerhoud*,symptomen,presenteert,verklik*,wast,,,aarzelde,,benaderd,,,,,,grootvader,,sterfelijkheid,geraakt,,aanvaard,,zeventiende,verliet,bevrijdde,,schijnen,,,bonus,teister*,blijheid,overweldigden,ontwijk*,lerares
,september,vermeed,ergens,aansporing,,wijsgemaakt,,jogde,,,,,,,rationeel,geflirt,winnaar,petekind,bevestig*,,beluistert,gekauwd,gehoopt,,sportieve,bevorderd*,gehoord,,ongeduldigheid,,,,observeer,blindedarmontsteking,klaslokaal,geschonken,zwanger,,,soms,,verplaatste,,,,,,,,doodgaan,jeukerig,,verwerkte,,viervoud,verlies,besproken,,waarneembaar,,,verdiend,teistert,tevredenheid,geforceerd,saai,directeur
,maand,belemmering,bij,vermaak,,verwelkom*,,trainde,,,,,,,reden,geneukt,bereiken,protestant,herken*,,vraagt,slikte,vurig,,trimde,gratificatie,bepraatte,,domkop,,,,sjokken,handdruk,professoren,oproepen,sekse,,,gelooft,,omlopen,,,,,,,,fundamentalist,tastte,,ervoer,,zestig,ontnam,vluchtte,,staarde,,,verdient,cynisch,liefgehad,tobt,krenking,behaalde
,binnenkort,ontlopen,breedte,bevredigend,,afwijzen,,speelt,,,,,,,impliceerden,homoseksualiteit,krachtig,tempel,bevestigt,,vertelde,kook,energiek,,lied,onderhandelen,kabaal,,beklag,,,,weerhoudt,bloosde,bijles,berispt,lesbisch,,,geloofd,,gesjokt,,,,,,,,God,getast,,overreedden,,dertig,overweldigden,confronteerde,,toon,,,uitverkoop,tegenstand,koester*,tob*,streng,onvoldoende
,hedenavond,schoorvoetend,verruimen,zachtaardig,,schoonvaders,,speel*,,,,,,,aldus,geslachtsgemeenschap,behaalden,evangelie,herkent,,praatje,geproefd,geestdriftig,,komedie,inzetbaar,spreken,,vergiffenis,,,,vlieg*,inademen,presenteerden,uitvechten,geheeld,,,wazig,,reis,,,,,,,,gebeden,gevoeld,,biechtte*,,tweede,gedeprimeerd,begaf,,observeert,,,economie,tieren*,koestert,schrikbeeld,gewelddadig,tentamen
,dadelijk,stoppen,verruimd,teer,,verwelkomd,,wandelde,,,,,,,beredeneer,erectie,vervulden,communie,herkend,,bezichtiging,lunchpauze,overtroffen,,woning,bevorderde,verhalen,,frustratie,,,,verdenken,gezondheid,computer,bekent,miskraam,,,tracht*,,achtervolgen,,,,,,,,biechten,wrijft,,overwoog,,achtvoudig,narigheid,veroordeeld,,verschijn*,,,erfgename,tierend,lachen,verschrikking,hinderen,ministerie
,poos,vermijden,laagste,beterschap,,vriend,,zwemt,,,,,,,bewees,geil,overwinnaar,religieus,waardoor,,vraag*,kok,geweldig,,getrommeld,bonus,geklonken,,verbetering,,,,walgt,afmatten,begeleider,geantwoord,inslikken,,,veronderstellen,,gooit,,,,,,,,rouwen,gemerkt,,weet,,drieën*,geleden,haalde,,verschijnt,,,bankrekening,vergalt,aanbaden,vernederde,treuren,faal
,gedraal,dwingt,waar,opgefleurd,,verwelkomt,,racete,,,,,,,rationaliseerde,minnaar,overtroffen,gemoraliseerd,begrensden,,las,uitgehongerd,wilskrachtig,,concert,departement,gevraagd,,gevoelens,,,,sterf,lijf,theoretisch,bekend,prostitutie,,,trachten,,weggestuurd,,,,,,,,engel,grepen,,meent,,zeventigste,verlaten,mocht,,visioen,,,betaald,vergald,passie,argwanend,bestraften,faalde
,laatste,aarzelde,westwaarts,ontlast*,,onderhandelaar,,fietser,,,,,,,rationaliseren,verleidden,volbrengt,predikant,redeneert,,greep,kauwgom,energie,,sport,relatiegeschenk,ruis,,geïntimideerd,,,,vat*,gezicht,bestuderen,weigering,hoestten,,,vermoedde,,gooi*,,,,,,,,onsterfelijke,betast*,,meen*,,duizend*,gemist,geboet,,toeschouwer,,,betaalt,dreig*,romantiseer,huiverig,belasten,kantooruren
,voorheen,dwing*,universum,genot,,buren,,wedstrijd,,,,,,,redeneren,zwangerschap,volbreng*,engelen,volbrengen,,zeg,restaurant,roem,,theater,presenteer*,afluisteren,,hartelijkheid,,,,vliegt,zwaarlijvig,Engels,gesmeekt,flirten,,,echter,,slaapwandelt,,,,,,,,duivels,knelde,,beslissen,,vijftigste,overweldigend,beledigden,,getuigen,,,betaal*,vergal*,gejuicht,overweldigend,gewanhoopt,inschrijving
,vrijdag,beheers*,verbreden,verzekerd,,beoordeeld,,trimmer,,,,,,,redenering,flikker,krachtdadig,godsdienstig,openbaarden,,zei,overgewicht,passie,,zang,presenteert,verklikt,,antipathie,,,,veroordeelt,tintelen,examen,beschreven,ontbijten,,,hopelijk,,geslaapwandeld,,,,,,,,overleed,raakten,,verklarend,,twintig,jankte,gefaald,,vertoonden,,,koers,dreigt,vereer,schichtig,beledigend,les
,stoppen,beheerst,tussen,vereerd,,hulpvaardig,,trimmen,,,,,,,waarom,pervers,verloor,theologie,verdedigden,,gesmaakt,zoet,inspireerde,,wandelen,gefinancierd,meldden,,plaagden,,,,jank,mager,bestuur,overreedden,spieren,,,geloven,,vertrokken,,,,,,,,gezondigd,gevoel,,overreed,,veertiende,verspeeld,aangeschaft,,geschenen,,,gefinancierd,verschrikkelijk,schat,verwarring,angsten,minister*
,voorjaar,tegengehouden,laagst,vereert,,beoordeelt,,sportkleding,,,,,,,rationaliteit,borsten,mislukt,zondigen,snap*,,luisterden,dessert,levendig,,muziekliefhebber,bevorder*,opgezegd,,berusting,,,,leiden,trilden,docent,ontvangst,reumatisch,,,lijk,,verwijder*,,,,,,,,zegenen,wreven,,geconcludeerd,,zevenvoud,geschaad,hielden,,verscheen,,,geërfd,zanikten,romantiek,schoorvoetend,schaadt,leerling
,onsterfelijke,belemmerde,verste,sympathiek,,vriendinnetje,,ski,,,,,,,gemotiveerd,sexy,misluk*,meditatie,belemmer*,,zeggen,bijsmaak,durfden,,vertoning,bevordert,klonk,,achterdochtig,,,,aaien,zweer,overhoren,verdeelden,blos,,,raadde,,vlogen,,,,,,,,hemel,voelbaar,,bedachten,,vijftal,teleurstellen,betraden,,waargenomen,,,huur,smaad,vergeeft,vernederd*,weigeren,perfect
,eer,gedwongen,zuidoost,zachtmoedig,,beoordeel,,,,,,,,,afleiden,penis,verliezers,vereeuwiging,oorzakelijk,,vertel*,gedronken,krachtdadig,,trainer,vergaderen,rumoer,,bevrijdde,,,,studeert,AIDS,medescholier,interviewen,gezichtsvermogen,,,afvragen,,dansen,,,,,,,,gepreekt,drukken,,gedachte,,negentig,betreurt,beledigde*,,bekijken,,,waarde,bedroog,streel,verpletterd,onderbroken,presteren
,soms,meed,zuidoostelijk,populariteit,,beklaagde,,,,,,,,,rechtvaardigde,lesbische,slaag,monnik,helder,,masseert,ingeslikt,durft,,trainen,collega's,opgeroepen,,walgt,,,,werp*,kransslagader,promotie,beledig*,geknuffeld,,,geleken,,overnemen,,,,,,,,Onze-Lieve-Heer,,,gezien,,tachtigste,huil,beloond,,zicht,,,waard*,vernederden,liefde,misselijk,stommerik,gezag
,zo,ontzeg*,zuidelijk,flirten,,onthul*,,,,,,,,,bewoog,prostaat,bereik*,kerkelijk,snapt,,vertelt,proeft,durf,,huis,regeer,praten,,confronteerde,,,,beloont,doezelig,getest,beledigt,krabde,,,geprobeerd,,klimmen,,,,,,,,mediteren,,,heroverweging,,miljoen,bedroefd,knelden,,geobsedeerd,,,geld,zeuren,koesteren,paranoia,straffen,academicus
,aanvangen,ontzegd,top,knap,,aanspreken,,,,,,,,,aanleiding,sex-appeal,bereikt,gebiecht,belemmerd,,verteld,kauwen,inspirerend,,rapmuziek,advocaten,vragen,,begaf,,,,leer,beefden,cursussen,telefoneerden,kaakbeen,,,geweifeld,,transport,,,,,,,,godsdienst,,,onthult,,veertig,neerslachtig,leed,,zien,,,winkelt,vreselijk,verheug,obsessie,verdedigden,indiensttreding
,oktober,ontzegt,verte,waardering,,bekritiseerden,,,,,,,,,beredeneerde,,competitief,gezegend,onthoud*,,gezegd,kroeg,vitaal,,jogden,management,vroeg,,veroordeeld,,,,lees,tong,studiebeurs,praatte,eierstok,,,afgevraagd,,fietsen,,,,,,,,fataal,,,beëindigen,,zesvoudig,gekrenkt,leek,,vertoon,,,winkelen,sarcastisch,vreugde,obsedeerden,onbevredigend,filosofie
,starten,verhinderde,noordwesten,talent,,deelgenomen,,,,,,,,,beweegreden,,vervult,moreel,belemmert,,opletten,eettafel,zelfverzekerd,,elftal,presenteerden,gepraat,,veroordeelt,,,,achterlaten,trilde,wiskunde,ontvingen,seksueel,,,geraden,,trim*,,,,,,,,graf,,,onthuld,,tweevoudig,mist,stapte,,schijnt,,,voordeel,bedrog,gehechtheid,gruwelijk,belemmer*,arbeidskrachten
,vroegtijdig,barrière,buiten,geliefkoosd,,meisje,,,,,,,,,veroorzaakten,,vervul*,vroom,beletten,,vastgehouden,ontbijt,onbekommerd,,skiën,organisatie,vroegen,,jank,,,,leen,hand,bestudeer,bellen,uitputtend,,,vermoedt,,meegenomen,,,,,,,,christen,,,overreedde,,achttien,verpletterd,haatte,,aankijken,,,fonds,treiterde,toegenegen,geneerden,kritisch,fiasco
,winter,remming,grootte,liefkozen,,redeneer,,,,,,,,,veroorzaken,,bereikte,erewoord,concentreer,,hoort,opgedronken,getrotseerd,,keuken,besturen,zeiden,,geboet,,,,holt,orgasme,schoolverlater,sollicitatiegesprek,symptoom,,,hoop,,trimt,,,,,,,,aftakeling,,,betekenis,,vier,huilden,trok,,schijn*,,,armoede,bedreigde,verrukt,beven,verachten,kracht
,keer,ontzegde,onderste,waardevol,,hem,,,,,,,,,reageer,,concurreerde,mediteerde,belette*,,raken,schotel,inspiratie,,terras,computer,uitspreken,,beledigden,,,,beamen,borst,onderwijs,overreed,afgemat,,,lijkt,,achtervolgd,,,,,,,,vereerden,,,beslissing,,zestien,verslagenheid,herinnerden,,blik,,,verkoop,jennen,juichen,vernedering,spot,commissie
,afloop,star,noordelijk,behaalde,,hen,,,,,,,,,aanrichten,,talentvol,misdienaar,verwarden,,smaken,eten,behalen,,actrice,concurreren,doofstomme,,gefaald,,,,excuseren,dijbeen,studeer,stoorden,lijfelijk,,,gegist,,achtervolgt,,,,,,,,genade,,,redeneerden,,viertal,rouwen,verdoemd,,observeerde,,,contanten,vernederen,dierbaar,gegeneerd,stress,bevoegdheid
,kortstondig,blokkeer,westen,betrouwbaar,,tegenspreken,,,,,,,,,impliceerde,,faalt,geest,geaarzeld,,toegekeken,afwas,opbeuren,,schoonmaken,geregeerd,verhoorden,,aaien,,,,ontwijkt,reuma,halfjaar,belt,geliefden,,,iets,,achtervolg*,,,,,,,,sterfgeval,,,bevat*,,honderdtal,verloren,verschaften,,vertonen,,,spaarzaam,ageer,lach*,huivering,belemmerd,arbeidsmarkt
,sedert,beheersen,boven,hilarisch,,gecommuniceerd,,,,,,,,,motiveerden,,afgang,aanbaden,verantwoord,,verklikken,anorexia,avontuur,,jazzy,functionaris,mededelen,,weerzin,,,,haat*,zeeziek,onderwijzend,schenkt,beefde,,,lijken,,stapvoets,,,,,,,,Heer,,,mening,,oneindig,ellendig,nagelaten,,tentoongesteld,,,loon,verdoemen,vergaven,schrikwekkend,belemmert,gestudeerd
,aanstaande,dwingen,noordwest,heldhaftig,,vergaf,,,,,,,,,dus,,vervulde,meditatief,herkenden,,wrijf,drinkt,overwinning,,gitaar,arbeidsbureau,verhaald,,beledigde*,,,,ontwijk*,gezweet,klaslokalen,communiceer,getinteld,,,probeerde,,gelopen,,,,,,,,aanbidden,,,zie,,eerst,huilend,zorgde,,,,,munt,halsstarrig,lacht,beeft,onbeholpen,vennootschappen
,werkweek,beperk*,smal,troostte,,overhalen,,,,,,,,,resulteert,,opleveren,gelovig,terughouden,,masseerde,drink*,geestdrift,,gezang,verkoop,gesproken,,radeloos,,,,opbouwen,suikerziekte,overgedragen,mededeling,kotste,,,verwar,,teruggebracht,,,,,,,,kerkhof,,,herzag,,honderste,misère,gebroken,,,,,aankoop,vergallen,verheugd,gebeefd,schonden,schooltijd
,periode,weerhield,wijdte,geamuseerdheid,,aansporing,,,,,,,,,motiveerde,,slaagden,moralistisch,onthield,,duw*,voedingsleer,vertrouwen,,TV,vakman,afgeluisterd,,beloond,,,,inslapen,pees,leerplichtig,schenk*,borstvoeding,,,aarzelend,,draaft,,,,,,,,doden,,,verdenkt,,vierde,foltering,bedoeld,,,,,rijkdom,bederven,verheugt,beangstigden,droevig,uitdaging
,ouderdom,beperkt,omgeven,braaf,,iemand,,,,,,,,,omdat,,behalen,vereer,besluit,,duwt,brunch,uitstekend,,huur,loon,geluisterd,,dwang,,,,vergeven,welzijn,studeerden,beriepen,beroerte,,,eigenlijk,,vluchtten,,,,,,,,lijk,,,verdenk*,,,tragiek,bestraften,,,,,bankbiljet,jaloers,minnaar,tobberig,frustreren,eerstejaars
,najaar,onderdruk*,laag,verleiden,,schoonzusters,,,,,,,,,beredeneren,,slaagde,preek,beseften,,masseren,proeven,aanmoedigen,,koor,secretariaat,verhoren,,beloont,,,,bedoelt,hypertensie,overhoring,verzochten,verleiden,,,aarzelden,,renden,,,,,,,,moraal,,,verheldert,,,nederlaag,gewanhoopt,,,,,studiebeurs,negeert,lachten,vreest,verwarden,vergoeden
,historie,vertikte,naast,gezellig,,treffen,,,,,,,,,verantwoorden,,overwinning,zegening,verdedigend,,lawaai,eetlust,optimistisch,,zwembroek,bestuur,zegt,,leeg,,,,hinderen,stikken,huiswerk,meegegeven,slaapt,,,vermoed,,brachten,,,,,,,,sterven,,,aangepast,,,lijden,herkend,,,,,verkoopt,scheld*,opgevrolijkt,piekeren,irritant,uitmuntend
,eensklaps,onderdrukt,noordelijke,doorstaat,,berisp*,,,,,,,,,rationalistisch,,initiatiefnemer,religie,betekende,,hoorden,alcohol,enthousiast,,vissen,promotie,riepen,,leed,,,,bevestig*,blozen,colleges,ontving,uitgeblazen,,,alhoewel,,beklommen,,,,,,,,bidden,,,gebleken,,,afzonderen,benaderde,,,,,loonstrook,hatelijk,aanbidt,schuw,stoorde,doel
,verleden,tegenhouden,verlagen,doorstaan,,redeneerde,,,,,,,,,beïnvloed,,uitstekend,bezieling,ontkenning,,aftasten,slikken,hoopte,,bed,beheer,beluisterde,,machteloos,,,,herken*,kougevat,studentenflat,opmerken,aderverkalking,,,weifelen,,hardgelopen,,,,,,,,begrafenisonderneming,,,uiteengezet,,,falen,haalden,,,,,salarisstrook,scheldt,juich*,teruggeschrokken,plaag**,opgeleverd
,dinsdag,onderdrukking,ruimte,verwachtte,,verklik*,,,,,,,,,bewerkstelligen,,overtreft,zondigde,voorstellen,,getuige,smaakten,overtreft,,stereo,president,beroepen,,zegen,,,,aflossen,rilling,decaan,e-mails,bemint,,,gehoopt,,brengen,,,,,,,,bad,,,doorzag,,,ongelukkige,bloedden,,,,,ruïneren,defensief,aanbid*,wanhopig,onrust,leslokaal
,ogenblikkelijk,vertikken,noorden,waardeerden,,geschonken,,,,,,,,,rationaliseert,,overtref*,onsterfelijk,hopen,,masseerden,doorgeslikt,overtref*,,fiets,functioneerden,riep,,intens,,,,indammen,prikkel,gepromoveerd,excuseer,bloederig,,,onbekend,,raceten,,,,,,,,petekind,,,samenhangend,,,berustten,begrensden,,,,,prijzig,gedreigd,juicht,overstelpten,bestraf*,studiekeuze
,eerstvolgend,bedwingen,spatie,veelbelovend,,oproepen,,,,,,,,,rationaliseer*,,beloning,bid*,zou,,bijeenroepen,portie,dapper,,woon,functioneer,verhoord,,haatte,,,,treuren,hals,verzuimd,onthult,tieten,,,proberen,,verwijderen,,,,,,,,overlijdensakte,,,verhelderd,,,uitzichtloos,uitgesloten,,,,,erven,walgen,romantiseren,overstelpt,afgezonderd,chef
,spoedig,verbieden,ruim,intelligent,,berispt,,,,,,,,,motiveer,,presteerde,bidt,gevergd,,pak*,boodschappen,avontuurlijk,,videorecorder,verkoopt,verklikte,,ontwijkt,,,,belasten,gekrabd,verzuimt,onthuld,uitputten,,,ergens,,verdwijnt,,,,,,,,vermoorden,,,oplossen,,,verliest,openbaarden,,,,,financieren,tergen,vereren,overstelp*,vergalden,promoveren
,even,limiteren,hoogste,bemint,,uitvechten,,,,,,,,,reageerde,,initiëren,kerkdienst,verklaring,,duwden,bulimia,opgevrolijkt,,tuin,loonstrook,verklikten,,verdoemd,,,,financier*,wond,universiteit,overreedde,schaal,,,mogelijke,,fietste,,,,,,,,begraven,,,concludeer,,,krenken,weerstond,,,,,hebzucht,gevochten,gelukkig,schrikbarend,zanikte,taakomschrijving
,beknopt,aarzelend,middelste,perfect,,bekent,,,,,,,,,reageert,,faalden,priesteres,bespeurde,,blind,klaarmaken,hoopvol,,zwem,salarisstrook,melden,,ongeduld,,,,bevestigt,flauwte,basisschool,schenken,bewusteloos,,,ietwat,,verdwijn*,,,,,,,,protestant,,,betwijfelden,,,ellende,onderbroken,,,,,uitgaven,wreken,juichte,obsedeer,zenuwinzinking,carrièrejager
,weekenden,aarzelden,nauw,onschatbaar,,geantwoord,,,,,,,,,resulteerde,,verbeterde,bijbel,aarzeling,,gebabbeld,nagerecht,zege,,operette,werken,beroep,,deugd,,,,herkent,schranspartij,educatief,redeneerden,getrild,,,trachtte,,hierheen,,,,,,,,tempel,,,concluderen,,,gelaten,verdedigden,,,,,bankzaken,vernielen,aanhankelijkheid,verwar,afgekraakt,opslag
,opnieuw,verdedigt,achterste,bemind,,bekend,,,,,,,,,,,prestatie,eredienst,geopenbaard,,opdrinken,voedsel,uitgeblonken,,spelend,afdeling,geluid,,haat*,,,,liefhebben,plassen,universitair,ontmoet*,luncht,,,dralen,,omgegooid,,,,,,,,evangelie,,,evalueert,,,eenzaam,verontschuldigd,,,,,koop,vernieler,gegiechel,piekerden,jengelde,getuigschrift
,terwijl,beperkten,bovenste,kracht,,weigering,,,,,,,,,,,competent,goddelijk,verboden,,aanraking,taai,dynamisch,,gezinnen,leidinggevende,hoorde,,vertwijfeld,,,,schaadt,kouvatten,klas,verontschuldigde,kookte,,,raden,,nemen,,,,,,,,communie,,,motiveert,,,depressief,gebeurde,,,,,verkocht,bekritiseert,verheugen,verbijster,verdedigend,kampioen
,vandaag,begrenzen,,gunst*,,sportief,,,,,,,,,,,bereikten,aanbidt,weifelde,,rookt,etenstijd,vertrouwde,,wandelden,deskundig,meldde,,ontwijk*,,,,financiert,slap,schooldag,discussieert,lunch*,,,onbetrouwbaar,,jogger,,,,,,,,religieus,,,gerationaliseerd,,,wanhopig,belemmerd,,,,,investeert,sodemieter,blij,benauwt,verbijsterden,economische
,minuut,ontzeggen,,dynamiek,,stiefmoeder,,,,,,,,,,,verliezer,aanbid*,snapte,,gewreven,servies,opgebeurd,,acteur,bedrijfstak,luisteren,,saai,,,,weigeren,verzwakking,geleerd,opgezocht,bemind,,,giste,,joggen,,,,,,,,gemoraliseerd,,,concentreerde,,,kwetsen,bevalen,,,,,uitbetalen,overheersten,gelachen,spanning,paniekerig,sollicitatieformulier
,daarop,begrenst,,plezierig,,gesmeekt,,,,,,,,,,,verliezen,zondig*,gelezen,,knellen,voeding,vertrouw,,cassette*,manager,uitgedrukt,,krenking,,,,redeneert,angina,verzuimden,gevierd,keelamandel,,,onbeslist,,zwom,,,,,,,,predikant,,,ingewonnen,,,treurt,schonden,,,,,verkwist*,woedend,gekoesterd,onbehaaglijkheid,verergeren,rekening
,jaartelling,begrensd,,uitdaging,,jullie,,,,,,,,,,,wonnen,duivel,realiseert,,uitgesproken,,moed,,conditietraining,burnout,praatten,,streng,,,,slaagt,mond,faculteit,betrekken,stijf,,,verondersteld,,bezoeken,,,,,,,,engelen,,,geloofden,,,schaad,opgemonterd,,,,,spaarbank,kritische,romantiseerden,angst,begeeft,academie
,aanvang,ontzegging,,lust,,beschreven,,,,,,,,,,,wedijver,vereren,verwardheid,,praat*,,verwachting,,bar,markt,,,gewelddadig,,,,volbrengen,tinteling,schoolkind,geïnterviewd,slikten,,,veronderstelt,,gedraafd,,,,,,,,godsdienstig,,,verdachten,,,beroerd,gepoetst,,,,,betaalpas,zeurden,aanbeden,wanhopen,deprimeren,scholier
,weekend,toom,,bemin*,,overreedden,,,,,,,,,,,tekortgeschoten,ziel,schenen,,verhoor,,verlichting,,speelde,financieren,,,vergeven,,,,voelen,zweten,begeleiding,uiteengezet,dorstig,,,veronderstel*,,kwamen,,,,,,,,theologie,,,weten,,,bedrukt,kon*,,,,,investering,verniel*,,vrees,jengelden,uitmunten
,steeds,afhouden,,romance,,ontvangst,,,,,,,,,,,uitgeblonken,priester,verlangend,,grijpen,,trotseer,,huishoudelijk,regeren,,,hinderen,,,,straffen,gezwel,lezing,kletsten,botten,,,voorlopig,,ontvangen,,,,,,,,zondigen,,,heroverweeg,,,mislukte,bezochten,,,,,hypotheek,vernield,,obsedeerde,afwijzen,cijfer
,aldoor,voorkomen,,vereerde,,verdeelden,,,,,,,,,,,tekortschieten,zondigden,hindernis,,pakten,,,,trommel,agent,,,genieten,,,,behouden,gebloosd,studeerde,overgebracht,incest,,,misschien,,trimde,,,,,,,,sterfbed,,,bekennen,,,treurde,doorgebroken,,,,,koopsom,vernielt,,onrustig,onwetendheid,eerstejaarsstudent
,halfjaar,mijden,,uitmuntend,,interviewen,,,,,,,,,,,verspelen,hemels,rechtvaardigden,,tonen,,,,sportliefhebber,werk,,,treuren,,,,snap*,taille,school,beveel,waste,,,schijnen,,reik*,,,,,,,,overlijden,,,peinst,,,jankten,belette*,,,,,verkochten,vergiftigen,,overweldigen,verboden,spreekkamer
,thans,ontzei,,streelt,,beledig*,,,,,,,,,,,concurreer,doopnaam,beseffen,,vertoning,,,,balkon,deurwaarder,,,bestraften,,,,opdoen,allergie,studie,bedroog,verdoven,,,dubieus,,reikt,,,,,,,,doodslaan,,,verheldering,,,jankt,verwarden,,,,,economisch,schelden,,geneert,mislukten,succes
,doorlopend,plicht,,glimlachten,,beledigt,,,,,,,,,,,vervuld,theologisch,onthul*,,opeten,,,,inwonend,verkocht,,,belasten,,,,belemmer*,knokkels,klasgenoot,opzoeken,lust,,,getracht,,pak*,,,,,,,,rouwden,,,verhelderen,,,traan,geaarzeld,,,,,faillissement,genegeerd,,benauwd,kwalijk,psychologie
,tijdje,mijd*,,innemend,,telefoneerden,,,,,,,,,,,verbeterden,mediteert,gemoeten,,bepraat,,,,wonen,overgedragen,,,gewanhoopt,,,,steken,bloedtransfusie,gepresenteerd,spraken,bemin*,,,verbazingwekkend,,reisden,,,,,,,,meditatie,,,concludeert,,,krenkend,gewisseld,,,,,uitbetaald,getergd,,geneerde,misdadig,vakbondslid
,continu,mijdt,,giechelden,,praatte,,,,,,,,,,,volbracht,belijdenis,kennen,,masseer,,,,tennis,collegialiteit,,,beledigend,,,,verontschuldigt,zenuwen,schoollokaal,onderbrak,slaapwandelt,,,bedenkelijk,,gevangen,,,,,,,,vereeuwiging,,,vermoedden,,,jengelen,stoorde,,,,,geruïneerd,nijdig,,zenuwachtig,onveilig,vergden
,bestendigen,rem,,goedgezind,,vader,,,,,,,,,,,gewedijverd,preken,bespeur*,,ingebeeld,,,,huiselijk,balie,,,angsten,,,,ontspan*,huid,leerde,email,geslaapwandeld,,,twijfelaar,,draven,,,,,,,,monnik,,,betwistte,,,mat,schepten,,,,,verkwistten,scholden,,ongerustheid,overweldigde,geïnitieerd
,voortzetten,vermijdbaar,,vriendelijk,,ontvingen,,,,,,,,,,,mislukken,aanbeden,bedenkt,,gekeken,,,,dansten,uitbetalen,,,liefhebben,,,,verachten,verlamd,lessen,telefoneert,sliepen,,,mogelijkheid,,wegbrengen,,,,,,,,kerkelijk,,,motiveren,,,schaadde,herkenden,,,,,zuinigheid,vitte*,,vreesde,gebrek,bestudeert
,onverwacht,dwongen,,concentreerde,,bellen,,,,,,,,,,,gepresteerd,religieuzen,bespeurt,,knuffelt,,,,instrumentaal,professioneel,,,schaadt,,,,snapt,ingewanden,basisonderwijs,bepraatten,kauwde,,,betwijfelen,,wandelen,,,,,,,,gebiecht,,,ontwikkeling,,,huilde,afgezonderd,,,,,prijs,vitten,,afgrijselijk,ongerust,bestudeerd
,volgend,controle,,opwindend,,logé,,,,,,,,,,,concurreerden,Jezus,bespeurd,,verhoorde,,,,zender,leiding,,,weigeren,,,,ondersteunen,straalbezopen,wiskundig,verenigd,verstijfd,,,ongeveer,,trekken,,,,,,,,gezegend,,,begrijpt,,,wanhopen,vergalden,,,,,kocht,zaniken,,shock,gespannen,verantwoordelijk
,pas,vasthouden,,overvloed,,sollicitatiegesprek,,,,,,,,,,,,,redeneer,,perceptie,,,,veranda,gepromoveerd,,,interessant,,,,bepraten,kniegewricht,pedagoog,wijsmaken,symptomen,,,mogelijk,,pakten,,,,,,,,moreel,,,reflecteer,,,ontnemen,opgeschreven,,,,,uitgeven,verkrachten,,opjagen,verwardheid,marketing
,jongstleden,vermijding,,creatief,,overreed,,,,,,,,,,,,,origine,,knuffel*,,,,schaatsen,spreker,,,onderbroken,,,,onthoud*,knieën,schoolgebouw,opzeggen,blindedarmontsteking,,,circa,,trek*,,,,,,,,gerouwd,,,realiseerde,,,pessimisme,onthield,,,,,gewinkeld,agressief,,gevaarlijk,geprotesteerd,ontslagen
,tijd,teruggehouden,,plezier,,stoorden,,,,,,,,,,,,,verstandig,,roep*,,,,danste,medewerker,,,stommerik,,,,belemmert,rug,Grieks,geroepen,handdruk,,,waarschijnlijkheid,,trekt,,,,,,,,vroom,,,betwijfelde,,,overweldigen,zanikte,,,,,veiling,boosheid,,verbijsterde,verwaarloos,functioneren
,huidig,starheid,,confronteren,,belt,,,,,,,,,,,,,feit,,drukte,,,,aerobics,baas,,,straffen,,,,aanwenden,allergisch,testen,ingewonnen,bloosde,,,toch,,sjokten,,,,,,,,erewoord,,,opgelost,,,rouwden,zongen,,,,,cheque,bedrieg,,weerloos,verlangend,test
,zodra,beperking,,hoopgevend,,schenkt,,,,,,,,,,,,,impliceert,,medegedeeld,,,,stereo-installatie,baan,,,verdedigden,,,,beletten,urine,verzuimde,participeerden,inademen,,,twijfelachtig,,verhuizing,,,,,,,,mediteerde,,,aanpassen,,,krenkt,klonken,,,,,betalen,schold,,verontrusten,betreurenswaardig,concurrent
,vroeger,verdedigde,,trotseren,,communiceer,,,,,,,,,,,,,biecht*,,roept,,,,muzikaliteit,secretaris,,,oprecht,,,,klinkt,gestikt,overdracht,bekennen,gezondheid,,,leken,,vertrok,,,,,,,,misdienaar,,,concludeerden,,,opgegeven,beseften,,,,,corruptie,bederft,,overstuur,kwijtgeraakt,onderhandelden
,vereeuwiging,onderdrukte,,verknocht,,mededeling,,,,,,,,,,,,,besefte,,verhoort,,,,fitness,verzuimd,,,onbevredigend,,,,onderhoud,verkoudheid,klassen,afkeuring,kookt,,,onzeker,,snellen,,,,,,,,geest,,,verklaart,,,huilerig,afgekraakt,,,,,koopkracht,trut,,vertwijfeling,dwarsbomen,Engelse
,eindigen,verweer,,goedkeuren,,schenk*,,,,,,,,,,,,,beïnvloeden,,merkte,,,,drums,verzuimt,,,belemmer*,,,,concentreer,diabetes,lesgeven,gevochten,ontwaakt,,,hoopte,,gevlogen,,,,,,,,aanbaden,,,aanvaardt,,,jengelt,jengelde,,,,,vergoed*,teisteren,,forceren,berusten,voorvechter
,woensdag,dwong,,lieveling,,vriendinnetjes,,,,,,,,,,,,,vergaf,,toekijken,,,,toneelspeler,onderhandeling,,,kritisch,,,,opper*,verkleumd,college,antwoorden,afmatten,,,geschenen,,halen,,,,,,,,meditatief,,,verklaard,,,jengel*,financierde,,,,,erfenis,destructief,,wanhoopte,jende,uitdienst
,vorig*,ontweek,,goedkeuring,,beriepen,,,,,,,,,,,,,overhalen,,beluisteren,,,,wielrenner,regeerden,,,ontspan*,,,,frustreren,misselijk,overhoord,consulteer,schoongemaakt,,,verbazen,,jogden,,,,,,,,sterft*,,,dacht,,,isoleren,verbijsterden,,,,,profiteren,wreekten,,forceert,erger,eindexamen
,avondje,onderdrukten,,moedig,,verzochten,,,,,,,,,,,,,belet*,,sprak,,,,woonplaats,arbeid,,,verachten,,,,klink*,lip,aanmelding,raadden,porno,,,aarzelt,,stuurde,,,,,,,,gelovig,,,opmaken,,,gerouwd,vermaakten,,,,,erft,nijd,,geneer,beklaagde,zaak
,voortdurend,begrenzing,,extase,,meegegeven,,,,,,,,,,,,,onderzoek,,kijkje,,,,jogt,meeting,,,spot,,,,luistert,vermoeien,academisch,vraagt,lijf,,,aarzel*,,afgelegd,,,,,,,,moralistisch,,,rationaliseerden,,,bedremmeld,betekende,,,,,betaalde,idioot,,ongemakkelijk,ondraaglijk,studeren
,vluchtig,vertikten,,band,,geliefden,,,,,,,,,,,,,evaluatie,,observatie,,,,jog*,bestuurde,,,aanmoediging,,,,verslik*,tenen,leerzaam,bekritiseert,kookten,,,verwarrend,,klauter*,,,,,,,,sterfte,,,beëindig,,,ontmoedigden,klaargemaakt,,,,,investeerde,lastig,,terreur,redeloos,vergaderd
,eeuw,beheersing,,glimlachen,,ontving,,,,,,,,,,,,,weerhielden,,vertelden,,,,restaurant,verkochten,,,ondersteunen,,,,plaag**,krabben,werkgroep,vertelde,gezicht,,,aarzelen,,stapt,,,,,,,,vereer,,,bedoelde,,,miste,gevergd,,,,,profiteert,plaaggeest,,gepiekerd,vervloekten,presteer
,dringend*,verdedigen,,geromantiseerd,,opmerken,,,,,,,,,,,,,causaliteit,,staarden,,,,tennisbaan,leverancier,,,stress,,,,omschakelen,nasaal,semester,praatje,zwaarlijvig,,,kennelijk,,klautert,,,,,,,,preek,,,blijken,,,ontmoedigend,liepen,,,,,omgekocht,zeurt,,beangstigde,bekritiseerden,vergadert
,leeftijd,beheersten,,bedanken,,georganiseerd,,,,,,,,,,,,,vanwege,,staart,,,,oefening,regeert,,,spannend,,,,verantwoord,broodmager,inschrijven,beklaagt,tintelen,,,hoopvol,,stroomden,,,,,,,,zegening,,,blijkt,,,treur,verdeelde,,,,,profiteer*,jent,,verstijfde,misbruikt,mislukking
,vertraging,afwachten,,romantiseert,,uw,,,,,,,,,,,,,beweegt,,aanwijzen,,,,zwommen,onderhandelt,,,belemmerd,,,,bestraf*,bloost,verzuim*,beklaagd,mager,,,omtrent,,kwam,,,,,,,,religie,,,uitgelegd,,,boette,bespeurde,,,,,weddenschap,pestte,,beef,schaamte,werkte
,moment,bedwingt,,begrijpt,,e-mails,,,,,,,,,,,,,merk*,,uitdrukken,,,,aerobic,zaken,,,belemmert,,,,duwen,verhongeren,toetsen,interview,trilden,,,verwart,,breng*,,,,,,,,bezieling,,,openbaart,,,verloor,geopenbaard,,,,,investeerder,rebel,,verpletteren,nood,geconcurreerd
,tenslotte,bekrompen,,gedurfd,,excuseer,,,,,,,,,,,,,redeneerde,,proefde,,,,bewoner,onderhandeld,,,onbeholpen,,,,gedijen,zwak,leerplan,vraag*,gesmaakt,,,verward,,brengt,,,,,,,,zondigde,,,geloof,,,gelatenheid,wijsgemaakt,,,,,voordelig,offensief,,tobden,huilen,testte
,nacht,gelimiteerd,,aanhankelijk,,onthult,,,,,,,,,,,,,beweeg*,,opgebeld,,,,woonden,uitbetaald,,,confrontatie,,,,snelt,koorts,onderwijzeres,zeg,zweer,,,twijfel,,sukkeldrafje,,,,,,,,onsterfelijk,,,geanalyseerd,,,betreur*,jengelden,,,,,verdienen,hinderlijk,,terugschrikken,verknoei*,eervol
,weekdag,bedwing*,,uitmunten,,onthuld,,,,,,,,,,,,,inzicht,,lazen,,,,sportwedstrijd,psycholoog,,,schonden,,,,klinken,flauwvallen,leert,zei,AIDS,,,schijnt,,slaapwandelde,,,,,,,,doodsstrijd,,,verduidelijken,,,isolement,aangekeken,,,,,uitgekeerd,gezanik,,onveiligheid,leugen,overdragen
,nieuw,aarzelt,,verheugend,,mensen,,,,,,,,,,,,,merkt,,observeren,,,,getrimd,functioneert,,,opgemonterd,,,,gissen,braken,boekenwurm,participeert,badjas,,,schijn*,,reed,,,,,,,,bid*,,,vind*,,,leden,verboden,,,,,eurocent,bevochten,,afschuw,warboel,functioneerde
,komend,weerhouden,,verzekeren,,Jij,,,,,,,,,,,,,bekent,,luisterde,,,,bioscoop,bestuurt,,,concentreer,,,,terughouden,dorst,onderwezen,schonk,wasten,,,veronderstelde,,rijden,,,,,,,,bidt,,,kende,,,betreurd,mislukten,,,,,onbetaalbaar,verachtten,,wanhoop,hel,adviseur
,dag,aarzel*,,waarderen,,overreedde,,,,,,,,,,,,,bekend,,aangesproken,,,,muziek,verzuimden,,,droevig,,,,besluit,hersens,lesgegeven,kritische,kransslagader,,,tenminste,,nam,,,,,,,,kerkdienst,,,onthulling,,,afgestompt,verwelkomd,,,,,uitkeren,bekritiseer,,ontweek,nadelig,initiatief
,februari,belemmerend,,verdraagzaam,,schenken,,,,,,,,,,,,,verdringen,,gepakt,,,,spelenderwijs,bestuurd,,,frustreren,,,,tasten,haren,leerden,communiceerden,doezelig,,,betwijfel*,,gooiden,,,,,,,,doodgegaan,,,betwist*,,,overstuur,gedoopt,,,,,bankroet,geschil,,obsedeert,geradbraakt,bibliotheek
,avonds,belemmerden,,bevrediging,,redeneerden,,,,,,,,,,,,,gereflecteerd,,wrijven,,,,verblijfplaats,organisaties,,,verwarden,,,,voorstellen,reet,biologie,luisterden,beefden,,,betwijfeld,,betreden,,,,,,,,priesteres,,,evalueerde,,,mis,weifelde,,,,,erfden,woest,,gevaar,treiteren,verzuimen
,morgenochtend,afzien,,vriendschappelijk,,ontmoet*,,,,,,,,,,,,,verbazing,,keek,,,,spelletje,toeslag,,,irritant,,,,hopen,beven,lesprogramma,zeggen,gewekt,,,betwijfelt,,reizen,,,,,,,,bijbel,,,ingeving,,,treurden,ingeschreven,,,,,gekocht,onbeschoft,,vernedert,goddomme,overtreffen
,dralen,aarzelen,,warmte,,zij,,,,,,,,,,,,,aanvaard,,meld*,,,,zwempak,arbeidsconflict,,,stoorde,,,,beklijft,bloedde,student,betwistte,bier,,,verwachting,,vluchten,,,,,,,,begrafenis,,,conclusie,,,kwetste,baden,,,,,goedkoop,gezanikt,,verstijven,beangstig*,onderwijzen
,jaar,afwachtend,,verzorgde,,verontschuldigde,,,,,,,,,,,,,verwerkte,,zagen,,,,zingen,machtsspel,,,plaag**,,,,vervoeren,maag,vak,opperde,smaken,,,vermoedelijk,,volg*,,,,,,,,vermoord,,,vergeef,,,hopeloos,overweldigde,,,,,bankpas,vervloekte,,forceerden,doodgeslagen,ambt
,onlangs,koppig,,vrijmoedig,,baby,,,,,,,,,,,,,rigide,,meldt,,,,film,directie,,,onrust,,,,verergeren,kots*,eindexamens,vertel*,tong,,,sommigen,,volgt,,,,,,,,gestorven,,,overwogen,,,mislukt,snapte,,,,,geprofiteerd,bedrieger,,verstijfden,schoft,volbrachten
,vervolg*,geblokkeerd,,opgewekt,,discussieert,,,,,,,,,,,,,reactie,,smaakt,,,,fietsten,functie,,,bestraf*,,,,wekken,gehoest,,vertelt,beminden,,,toevallig,,genomen,,,,,,,,eredienst,,,verband,,,jammeren,beoordeeld,,,,,inventaris,bedriegen,,verneder*,beangstigt,onderwijzer
,daarnet,ontliepen,,beminden,,opgezocht,,,,,,,,,,,,,ervoer,,gadegeslagen,,,,speelden,gewerkt,,,wijs,,,,opbellen,heup,,verteld,trilde,,,,,rennen,,,,,,,,goddelijk,,,openbaren,,,misluk*,gelezen,,,,,schulden,pesten,,schrokken,ongemak,functies
,gisteren,ontwijken,,succes,,gevierd,,,,,,,,,,,,,bepaalt,,klank,,,,basketbal,vergoed*,,,afgezonderd,,,,begeeft,HIV,,gezegd,hand,,,,,klim*,,,,,,,,overlijdensbericht,,,bezinnen,,,worsteling,gekotst,,,,,fortuin,strafte,,tobben,schade,verlies
,eenmaal,afgezien,,ideaal,,familieleden,,,,,,,,,,,,,bepaald,,knelt,,,,wandelt,gepresenteerd,,,vergalden,,,,overstappen,bloedvergiftiging,,excuus,verkrachten,,,,,gepakt,,,,,,,,aanbidt,,,perceptie,,,verlieten,schenen,,,,,minimumloon,veracht*,,afgeschrikt,beangstigd,slagen
,klok,belemmeren,,kalm,,betrekken,,,,,,,,,,,,,beschreven,,knel*,,,,gezwommen,concurreerde,,,zanikte,,,,participeren,keel,,geëxcuseerd,orgasme,,,,,klimt,,,,,,,,aanbid*,,,concludeerde,,,verliezers,aangewezen,,,,,kwitantie,verdorie,,onzeker,gebelgd,studentenvereniging
,bijtijds,blokkeerden,,voorspoedig,,peuters,,,,,,,,,,,,,overreedden,,pijn,,,,zangeres,advocaat,,,zenuwinzinking,,,,deprimeren,voorhoofd,,telefonisch,borst,,,,,stuurden,,,,,,,,zondig*,,,evalueer,,,gehuild,geprotesteerd,,,,,kas*,gemolesteerd,,griezelig,rotzooi,volmaakt
,eind,verdedig*,,fijngevoelig,,geïnterviewd,,,,,,,,,,,,,meden,,beroept,,,,schoonmaakbeurt,pedagoog,,,afgekraakt,,,,verwelkom*,beeft,,vriendschappelijk,dijbeen,,,,,verwijderden,,,,,,,,duivel,,,merkte,,,ontmoediging,doorstond,,,,,pinautomaat,vernederde,,angstaanval,mishandelde,dienst
,voortaan,verdringing,,wonderbaarlijk,,uiteengezet,,,,,,,,,,,,,biechtte*,,rook,,,,drummen,banenmarkt,,,jengelde,,,,afwijzen,gebeefd,,verklikken,reuma,,,,,draaf,,,,,,,,vereren,,,verklaarde,,,wanhoopte,uitgemunt,,,,,financierden,geprikkeld,,schrikken,vit,onderhandel
,historisch,verdedigd,,koesterde,,kletsten,,,,,,,,,,,,,bepaal*,,merkten,,,,drummer,gefunctioneerd,,,verdedigend,,,,verwelkomt,gevoelloos,,betoog,zeeziek,,,,,bewogen,,,,,,,,rouwde,,,betekenen,,,medelijden,geklommen,,,,,onkostenvergoeding,sloerie,,verwarrend,berisp*,verbeteren
,voorlopig,terughoudend,,verleidt,,stiefdochter,,,,,,,,,,,,,beteugelen,,aangeraakt,,,,kroeg,coach,,,verbijsterden,,,,schrijft,vitaliteit,,kennismaking,gezweet,,,,,neem,,,,,,,,ziel,,,openbaarde,,,huilt,kwijtgeraakt,,,,,belegging,ergeren,,overstelpte,lesbo,zakelijk
,direct,afgehouden,,humor,,jongste,,,,,,,,,,,,,overwoog,,waarnemen,,,,radio,bedrijf,,,vermaakten,,,,gis*,gehoorapparaat,,contact,maaltijd,,,,,reiken,,,,,,,,rouwt,,,uitleg,,,deprimeerden,verdween,,,,,boodschappen,spuugzat,,verontrustend,teef,verspeeld
,eindelijk,verdrongen,,gewild,,overgebracht,,,,,,,,,,,,,weet,,raakt,,,,badkamer,verzuimde,,,veilig,,,,beoordeelt,stijfheid,,verdeelt,suikerziekte,,,,,vervoer,,,,,,,,zelfmoord,,,betekenden,,,boet*,jende,,,,,winkelde,lomp,,afschuwelijk,berispt,schoollokalen
,oprichten,verhinderen,,verleid*,,beveel,,,,,,,,,,,,,meent,,hoor,,,,cassettebandje,overdracht,,,paniekerig,,,,gist,enkel,,bedrieg,verleidt,,,,,afgeven,,,,,,,,priester,,,oplossing,,,kwetsten,vervaardigd,,,,,besparing,verijdeld,,griezel,veroordeel,winkelier
,hedendaags,onderdrukken,,groots,,bedroog,,,,,,,,,,,,,meen*,,gadeslaan,,,,beweging,werkgelegenheid,,,hopen,,,,realiseert,astma,,ontlok*,verleid*,,,,,bezorgde,,,,,,,,stierf,,,blijk,,,somberheid,bewaarden*,,,,,opruiming,razernij,,ontwijken,uitvechten,verg
,tijdsverloop,zelfbeheersing,,eerlijk,,opzoeken,,,,,,,,,,,,,beslissen,,raak*,,,,gefietst,sollicitatiegesprekken,,,verergeren,,,,bezichtigen,blindedarm,,geuit,pees,,,,,verhuisden,,,,,,,,doodskist,,,heroverwogen,,,betreurde,waardeerde,,,,,afnemer,uitgevochten,,gevreesd,verdringen,presenteerde
,over,vertikt,,verheugden,,organiseren,,,,,,,,,,,,,resulteren,,geurig,,,,conditie,uitgekeerd,,,begeeft,,,,woont,flauwgevallen,,ontlokt,diner,,,,,aankomen,,,,,,,,zondigden,,,biechten,,,treurend,omringd,,,,,investeren,ruzie,,overweldigd,afkraken,presteert
,lente,vermijdt,,actief,,spraken,,,,,,,,,,,,,opgehouden,,staren,,,,geracet,studiebegeleider,,,romanticus,,,,train*,gewrichtsontsteking,,opperden,welzijn,,,,,meeslepen,,,,,,,,hemels,,,bedoel*,,,teleurgesteld,beklaagde,,,,,financiën,onzinnig,,overweldigt,weigering,collegezaal
,tot,hardnekkig,,aangenaam,,onderbrak,,,,,,,,,,,,,verklarend,,smaak,,,,jazz,werkgever,,,deprimeren,,,,omkopen,cholesterol,,gestoord,hypertensie,,,,,gestapt,,,,,,,,doopnaam,,,analyseer,,,verpletteren,rechtvaardigden,,,,,bankwezen,hels,,geterroriseerd,gelogen,presenteren
,uurwerk,verhinderden,,optimisme,,email,,,,,,,,,,,,,geregeld,,wreef,,,,getraind,administratie,,,prima,,,,verwaarloos,nek,,betrokken*,middagdutje,,,,,zwem,,,,,,,,gecremeerd,,,onthulde,,,ongelukkig,kregen,,,,,uitgave,wraak,,verwart,misbruiken,bevorderd*
,vervolgens,remmend,,bevrijdden,,gezin,,,,,,,,,,,,,knap,,getoond,,,,gym*,uitkeren,,,jengelden,,,,trommelen,pijn,,verschafte,stikken,,,,,stuur,,,,,,,,rouw,,,reflecteert,,,tranen,doorstonden,,,,,verkwisten,uitschelden,,overweldig*,rigide,lesuur
,sindsdien,beperktheid,,toegejuicht,,onszelf,,,,,,,,,,,,,tamelijk,,geraas,,,,kamer,vergadering,,,verwelkom*,,,,dwarsbomen,ringvinger,,roddelde,blozen,,,,,klommen,,,,,,,,theologisch,,,evalueren,,,ontnomen,gemoeten,,,,,,tergt,,verward,plaagde,lesuren
,jarenlang,beperkte,,verzekerden,,telefoneert,,,,,,,,,,,,,overreed,,smaakvol,,,,trimden,kantoor,,,afwijzen,,,,berusten,strot,,toegejuicht,slaapkop,,,,,stap,,,,,,,,mediteert,,,aangenomen,,,kwets,vervloekten,,,,,,vernederd*,,vernederend,hebzuchtig,gratificatie
,onsterfelijk,,,vredig,,bepraatten,,,,,,,,,,,,,geconcludeerd,,oren,,,,spelen,sollicitatie,,,onwetendheid,,,,beoordeel,kies,,bezoeken,kougevat,,,,,snel*,,,,,,,,belijdenis,,,overtuigen,,,kwetst,meegevoerd,,,,,,terg*,,bezorgdheid,missen,onderhandelen
,na,,,hoopt,,verenigd,,,,,,,,,,,,,structureerden,,spreek*,,,,jogde,bevorderen,,,verboden,,,,traint,verhonger*,,onderhandelden,rilling,,,,,vertrekt,,,,,,,,preken,,,besloot,,,doodsstrijd,bekritiseerden,,,,,,wreedheid,,gruwel,misser,overtrof
,morgens,,,hoopten,,wijsmaken,,,,,,,,,,,,,verdring*,,bezichtigden,,,,flat*,onderhandelde,,,mislukten,,,,erger,helen,,verschaft,douche,,,,,achtervolgden,,,,,,,,gedood,,,aanvaardde,,,faalt,ruilde,,,,,,treiterden,,tobde,meden,literatuur
,heden,,,verwacht*,,opzeggen,,,,,,,,,,,,,bedachten,,spreekt,,,,trainde,verzuim*,,,toeschietelijk,,,,beseffen,verhongert,,suggestie,prikkel,,,,,vertrek*,,,,,,,,aanbeden,,,bespeurden,,,wanhoop,deelgenomen,,,,,,ageert,,piekert,vergiftigd,inzetbaar
,tijdperk,,,bewondert,,kleinzoon,,,,,,,,,,,,,probeer,,pakt,,,,speelt,werkten,,,verwelkomd,,,,onthul*,verhongerd,,plaaggeest,hals,,,,,bezorg,,,,,,,,religieuzen,,,erkenden,,,afgang,misbruikt,,,,,,verwoestend,,pieker*,kwelden,leslokalen
,morgen*,,,bewonderd,,geroepen,,,,,,,,,,,,,ontliep,,bezichtigde*,,,,speel*,bedrijfsleiding,,,kwalijk,,,,weerklinken,gespierd,,besprak,gekrabd,,,,,ontvang*,,,,,,,,Jezus,,,gelooft,,,schaden,gewonnen,,,,,,zanikt,,hypernerveus,beteugelen,testten
,toekomst,,,vermakelijk,,ingewonnen,,,,,,,,,,,,,verdringt,,voelden,,,,wandelde,bevorderden,,,verwelkomt,,,,aanspreken,slagaderlijk,,ontvangen,wond,,,,,bewegen,,,,,,,,,,,geloofd,,,hulpeloos,gereisd,,,,,,bedreig*,,piekerde,jen,bevorderde
,nooit,,,bewonder*,,participeerden,,,,,,,,,,,,,probeert,,voelde,,,,toneel,loopbaan,,,misdadig,,,,kennen,bloed,,conversatie,flauwte,,,,,gevlucht,,,,,,,,,,,betrekking,,,ontmoedigde,bespeurd,,,,,,zanik*,,rampzalig,domineren,studierichting
,avond,,,streelden,,spel,,,,,,,,,,,,,negeerde,,pijnlijke,,,,poetsen,vennootschap,,,onveilig,,,,bespeur*,ingeademd,,vergaderd,schranspartij,,,,,meegebracht,,,,,,,,,,,beredeneerd,,,pessimistisch,opgegeten,,,,,,bedreigt,,,teleurstelling,onderwijst
,eergisteren,,,interesseren,,bekennen,,,,,,,,,,,,,blokkeert,,knuffelden,,,,badplaats,vergaderde,,,overweldigde,,,,bedenkt,tand,,vergadert,opdrinken,,,,,verzet*,,,,,,,,,,,heroverweegt,,,misten,schoren,,,,,,bedreigd,,,beledig*,verloren
,zaterdag,,,heldhaftigheid,,afkeuring,,,,,,,,,,,,,ontstond,,duwde,,,,popgroep,financierden,,,gebrek,,,,betreed,kaken,,bijeenroepen,frigide,,,,,ingenomen,,,,,,,,,,,erkende,,,jammer,stond,,,,,,driftkop,,,onzekerheid,vervullen
,tijdvak,,,verwachtten,,gevochten,,,,,,,,,,,,,rechtvaardiging,,roepen,,,,woonde,vakkundig,,,ongerust,,,,bespeurt,romp,,uitgelegd,plassen,,,,,naderen,,,,,,,,,,,gevat,,,afzondering,gerend,,,,,,getreiterd,,,beledigt,leerkracht
,later,,,aantrekkelijk,,antwoorden,,,,,,,,,,,,,resultaat,,beluisterden,,,,soaps,regeerde,,,hulpvaardig,,,,huilen,gezwollen,,pestte,lunchen,,,,,wandelden,,,,,,,,,,,verwerk*,,,lijd*,geklauterd,,,,,,irriteerde,,,raar,academische
,pauze,,,flink,,consulteer,,,,,,,,,,,,,regelen,,uithoren,,,,dans,bestuurden,,,gespannen,,,,redeneer,trillen,,overbrengen,kouvatten,,,,,opstappen,,,,,,,,,,,verwerkt,,,krenk*,poetste,,,,,,wraakzucht,,,depressie,docente
,geschiedenis,,,belonen,,mevrouw,,,,,,,,,,,,,gedachte,,visie,,,,zwemt,bedrijfsleven,,,verwardheid,,,,verknoei*,plast,,openbaart,slap,,,,,gingen,,,,,,,,,,,geredeneerd,,,lijdt,opgeschort,,,,,,teisterden,,,wrok,bonus
,totdat,,,eervol,,raadden,,,,,,,,,,,,,beteugeld,,oog,,,,verblijf,vergader*,,,geprotesteerd,,,,innemen,plas*,,consulteert,snack,,,,,ontvangt,,,,,,,,,,,uitleggen,,,faalden,besefte,,,,,,vecht*,,,huiveringwekkend,departement
,weldra,,,gemoedsrust,,vraagt,,,,,,,,,,,,,beaamde,,babbelen,,,,gewoond,maatschappij,,,doorstond,,,,verstoor,stram,,verwelkomen,avondeten,,,,,verwijdert,,,,,,,,,,,verwerkten,,,schaadden,geluncht,,,,,,wrevelig,,,overstelpend,eer
,april,,,verwelkomen,,bekritiseert,,,,,,,,,,,,,overeengestemd,,oor,,,,racete,werkt,,,verwaarloos,,,,impliceert,honger,,verdelen,verzwakking,,,,,verwijderd,,,,,,,,,,,heroverwoog,,,neerslachtigheid,gecommuniceerd,,,,,,bedrogen,,,moedeloos,relatiegeschenk
,week,,,steunden,,vertelde,,,,,,,,,,,,,georganiseerd,,weerklonken,,,,zanger,beroep,,,uitgemunt,,,,biecht*,oren,,gebabbeld,hoer,,,,,weggaan,,,,,,,,,,,losgelaten,,,miserabel,vergaf,,,,,,ruw,,,somber,doelbewust
,weer,,,optimist,,praatje,,,,,,,,,,,,,structureren,,gekneld,,,,fietser,concurreer,,,verlangend,,,,slopen,blaas,,roddel*,angina,,,,,meedragen,,,,,,,,,,,bewogen,,,overweldigd,verleende,,,,,,gelul,,,last,nederlaag
,nu,,,opgetogenheid,,beklaagt,,,,,,,,,,,,,gezien,,verschijnen,,,,badpak,carrièrevrouw,,,bedreven,,,,heb,handen,,bekritiseer,mond,,,,,benaderen,,,,,,,,,,,onderkende,,,overweldigt,at,,,,,,vernietigen,,,gillen,presenteer*
,vertrekken,,,verraste,,lieveling,,,,,,,,,,,,,weggestopt,,jeuk,,,,orkest,verantwoordelijkheid,,,betreurenswaardig,,,,tegenspreken,pijnlijke,,gekeuveld,tinteling,,,,,geschud,,,,,,,,,,,concentreren,,,verliezer,uitgevoerd,,,,,,vernedering,,,vernietigend,presenteert
,augustus,,,overtreffen,,beklaagd,,,,,,,,,,,,,heroverweging,,vertellen,,,,wedstrijd,vergaderden,,,kwijtgeraakt,,,,beïnvloeden,burnout,,roddelt,droomden,,,,,liep,,,,,,,,,,,gedachten,,,verliezen,eindigde,,,,,,vijandig,,,stoorden,gefinancierd
,prolongatie,,,leuk,,interview,,,,,,,,,,,,,wenst,,bezichtig*,,,,trimmer,vak,,,dwarsbomen,,,,ligt,dij,,adviseur,zweten,,,,,snelden,,,,,,,,,,,ken,,,overweldig*,uitgegaan,,,,,,ageren,,,verdring*,bevorder*
,altijd,,,tevreden,,vraag*,,,,,,,,,,,,,onthult,,bezichtigt,,,,trimmen,concurreerden,,,berusten,,,,rust,dik,,onthulling,gezwel,,,,,pakt,,,,,,,,,,,beslisten,,,tragisch,stortten,,,,,,agressie,,,slag,uitblinken
,toen,,,steunen,,zeg,,,,,,,,,,,,,beëindigen,,beriep,,,,poetsten,vakbond,,,jende,,,,overlaten,hongerig,,bemoedigden,zoenden,,,,,dansten,,,,,,,,,,,zagen,,,alleen,doodgeslagen,,,,,,godverdorie,,,afschrikken,bevordert
,semester,,,snoezig,,zei,,,,,,,,,,,,,onthuld,,bezichtigd,,,,sportkleding,,,,erger,,,,treiteren,dikke*,,betwist*,condoom,,,,,weglopen,,,,,,,,,,,effect,,,tekortgeschoten,uitgewerkt,,,,,,vernietigden,,,ontliep,vergaderen
,aanhoudend,,,intellectuelen,,participeert,,,,,,,,,,,,,overreedde,,grijp*,,,,poets*,,,,waardeerde,,,,herroept,teennagel,,vermeldde,gebloosd,,,,,gebracht,,,,,,,,,,,begrijpelijk,,,boeten,beangstigd,,,,,,molesteren,,,vreesden,win
,wanneer,,,gestimuleerd,,schonk,,,,,,,,,,,,,onthoudt,,raakte,,,,poetst,,,,beklaagde,,,,proef,aids-test,,gekletst,taille,,,,,verplaats*,,,,,,,,,,,vergaren,,,rouwde,weerhielden,,,,,,onuitstaanbaar,,,verdringt,collega's
,ophouden,,,zoenden,,kritische,,,,,,,,,,,,,betekenis,,grijpt,,,,woonachting,,,,ondraaglijk,,,,overhalen,overgegeven,,bedrieger,geslacht,,,,,verplaatst,,,,,,,,,,,bedenk,,,rouwt,bracht,,,,,,aangerand,,,incapabel,klaslokaal
,tegenwoordig,,,verzekert,,communiceerden,,,,,,,,,,,,,beslissing,,bekeken,,,,ski,,,,redeloos,,,,wijden,pezen,,uitgesproken,allergie,,,,,draafden,,,,,,,,,,,overreden,,,gejankt,ingeslapen,,,,,,schandelijk,,,negeerde,professoren
,laat,,,verzeker*,,mammie,,,,,,,,,,,,,redeneerden,,aanraken,,,,muzikaal,,,,doorstonden,,,,hoest,oog,,bedriegen,knokkels,,,,,volgden,,,,,,,,,,,verklaren,,,tegenspoed,ingepakt,,,,,,klootzak,,,pathetisch,regeer
,uur,,,volmaakt,,luisterden,,,,,,,,,,,,,tegenstrijdig,,bekijkt,,,,refrein,,,,vervloekten,,,,vervolgen,tanden,,praat*,kauwden,,,,,arriveerde,,,,,,,,,,,peinsden,,,gejengeld,smaakte,,,,,,vijandigheid,,,misbruik,advocaten
,maandelijks,,,gezelligheid,,zeggen,,,,,,,,,,,,,beperken,,merken,,,,reclame,,,,bekritiseerden,,,,belet*,oor,,pesten,kookboek,,,,,terugbrengen,,,,,,,,,,,erkennen,,,rouw,mishandelde,,,,,,lul,,,janken,bijles
,actueel,,,goedgekeurd,,betwistte,,,,,,,,,,,,,bevat*,,bittere,,,,,,,,misbruikt,,,,beangstig*,pink,,verhoor,opeten,,,,,gearriveerd,,,,,,,,,,,beredeneerden,,,tekortschieten,redeneerde,,,,,,walging,,,ondergang,management
,vorige,,,gestreeld,,dochters,,,,,,,,,,,,,mening,,bekijk*,,,,,,,,schaamte,,,,onderzoek,verhongerden,,onderhandel,bloedtransfusie,,,,,beklim*,,,,,,,,,,,vermoedde,,,verspelen,knuffelde,,,,,,gejend,,,woede,toekennen
,fase,,,vooruitgegaan,,opperde,,,,,,,,,,,,,ingehouden,,gemeld,,,,,,,,nood,,,,beangstigt,jeuk,,consulteren,zenuwen,,,,,lopen,,,,,,,,,,,betwistten,,,deprimeert,geschonken,,,,,,bedrieglijk,,,uitputtend,presenteerden
,eerder,,,verbeteren,,vertel*,,,,,,,,,,,,,zie,,gehoord,,,,,,,,gewonnen,,,,troost,uitademen,,suggereren,huid,,,,,beklimt,,,,,,,,,,,reflecteerden,,,verdrietig,ruilden,,,,,,toegetakeld,,,afgemat,falen
,zondag,,,voorzichtig,,vertelt,,,,,,,,,,,,,verwachtte,,stinken,,,,,,,,huilen,,,,schep*,bloedvat,,beklaag,verlamd,,,,,gevolgd,,,,,,,,,,,betwisten,,,deprimeer,gestaard,,,,,,overheerst,,,intimideerden,organisatie
,handhaven,,,lol,,verteld,,,,,,,,,,,,,herzag,,geduwd,,,,,,,,verstandig,,,,vermaak,ziekelijk,,vergeef,ingewanden,,,,,genaderd,,,,,,,,,,,geloven,,,opgeven,omgeslagen,,,,,,overheers*,,,intimideerde,winnen
,jaren,,,oppermachtig,,mannen,,,,,,,,,,,,,verdenkt,,omhelzen,,,,,,,,verknoei*,,,,treffen,spier,,participatie,straalbezopen,,,,,danste,,,,,,,,,,,vinden,,,mislukken,geantwoord,,,,,,vocht,,,onvoldoende,besturen
,permanent,,,juichten,,gezegd,,,,,,,,,,,,,intelligent,,bepraatte,,,,,,,,leugen,,,,vit,kunstnier,,bepraat,kniegewricht,,,,,vervoerde,,,,,,,,,,,ontwikkelen,,,rampzalig,droeg,,,,,,verwoestte,,,dreigde,computer
,onafgebroken,,,vergeef,,excuus,,,,,,,,,,,,,verdenk*,,knuffelen,,,,,,,,behaaglijk,,,,beweegt,verzwakten,,openbaren,knuffelt,,,,,weggelopen,,,,,,,,,,,bekenden,,,treurig,bekend,,,,,,strijd,,,plagerij,begeleider
,oud,,,zekerheid,,dames,,,,,,,,,,,,,verheldert,,ziet,,,,,,,,warboel,,,,merk*,koortsig,,gesuggereerd,knieën,,,,,opgeschoven,,,,,,,,,,,bewegen,,,droefheid,trainden,,,,,,opschudding,,,beteugeld,concurreren
,juli,,,gewaagd,,geëxcuseerd,,,,,,,,,,,,,verbood,,uitzicht,,,,,,,,toekenning,,,,berisp*,astmatisch,,uitgevochten,rug,,,,,vervoerd,,,,,,,,,,,afvragen,,,,gereflecteerd,,,,,,wraakzuchtig,,,vaag,geregeerd
,voortgaan,,,verrukkelijk,,telefonisch,,,,,,,,,,,,,aangepast,,geproefd,,,,,,,,hel,,,,blijven,stikten,,verhoorde,wakker,,,,,vervoert,,,,,,,,,,,merkten,,,,gedanst,,,,,,verdomme,,,overstelpen,theoretisch
,tussenpoos,,,mild,,gentleman,,,,,,,,,,,,,gebleken,,kabaal,,,,,,,,nadelig,,,,verklik*,knokkel,,geruchten,allergisch,,,,,verhuist,,,,,,,,,,,afgevraagd,,,,losgescheurd,,,,,,klojo,,,faal,presteerden
,oneindig,,,inspireert,,zussen,,,,,,,,,,,,,presteren,,spreken,,,,,,,,vergaf,,,,beweeg*,kaal,,suggereer,knuffel*,,,,,verhuisd,,,,,,,,,,,waarnemen,,,,gesmeekt,,,,,,berispte,,,beefde,verliest
,sinds,,,geestkracht,,buurman,,,,,,,,,,,,,uiteengezet,,verhalen,,,,,,,,rust,,,,oproepen,kaak,,roep*,urine,,,,,rondgelopen,,,,,,,,,,,vermoedt,,,,opgefleurd,,,,,,humeurig,,,gejammerd,bestuderen
,nachts,,,oprechtheid,,vriendschappelijk,,,,,,,,,,,,,doorzag,,drukten,,,,,,,,geradbraakt,,,,berispt,vaginaal,,medegedeeld,kauwt,,,,,gesneld,,,,,,,,,,,absoluut,,,,gelogen,,,,,,afstraffing,,,ontneem*,functionaris
,januari,,,troosten,,verklikken,,,,,,,,,,,,,samenhangend,,verschenen,,,,,,,,treiteren,,,,merkt,moe,,roept,beminde,,,,,gewaaid,,,,,,,,,,,verduidelijkte,,,,vertoond,,,,,,walgden,,,domineert,arbeidsbureau
,onmiddellijk,,,gewiekst,,betoog,,,,,,,,,,,,,verhelderd,,vertoonde,,,,,,,,goddomme,,,,veroordeel,seropositief,,verhoort,gestikt,,,,,bezoekt,,,,,,,,,,,ervaren,,,,verwerkte,,,,,,furieus,,,protesteer,behaald
,voortduren,,,held,,families,,,,,,,,,,,,,bepalen,,gegrepen,,,,,,,,lachwekkend,,,,uitvechten,bloeding,,onderhandelen,kauw*,,,,,ga,,,,,,,,,,,overweegt,,,,plaagde,,,,,,aanranding,,,faalde,behaalt
,beginstadium,,,geïnspireerd,,kennismaking,,,,,,,,,,,,,oplossen,,geklonken,,,,,,,,wijden,,,,bekent,vrijen,,e-mail,verkoudheid,,,,,hardlopen,,,,,,,,,,,nagedacht,,,,opgekomen,,,,,,gepest,,,vooroordeel,verkoop
,juni,,,gniffelen,,contact,,,,,,,,,,,,,bepaalden,,gevraagd,,,,,,,,beangstig*,,,,verdringen,eierstokken,,interviewt,diabetes,,,,,kom*,,,,,,,,,,,ontkennen,,,,ervoer,,,,,,stom,,,ontneemt,vakman
,eenjarig,,,beminde,,verdeelt,,,,,,,,,,,,,concludeer,,ruis,,,,,,,,doodgeslagen,,,,afkraken,benen,,openbaarde,verkleumd,,,,,gaat,,,,,,,,,,,ontwikkelt,,,,verzekerd,,,,,,ergerden,,,verknoeide,toegekend
,toevallig,,,overtrof,,bedrieg,,,,,,,,,,,,,organiseren,,tentoonstellen,,,,,,,,schoft,,,,dromen,verslikt,,uitleg,misselijk,,,,,afleveren,,,,,,,,,,,ontwikkeld,,,,vereerd,,,,,,verstikkend,,,teister*,Engels
,,,,hartelijk,,ontlok*,,,,,,,,,,,,,voorkomt,,afluisteren,,,,,,,,beangstigt,,,,overgeven,hoestte,,antwoordde,dronken,,,,,gaan,,,,,,,,,,,ontwikkelden,,,,bepaald,,,,,,wreek,,,teistert,loon
,,,,ontspanning,,genodigden,,,,,,,,,,,,,bedwongen,,tast,,,,,,,,ongemak,,,,misbruiken,bloos,,bemoedigde,lip,,,,,komt,,,,,,,,,,,ontwikkel*,,,,beschreven,,,,,,wreed,,,angstaanvallen,examen
,,,,heilzaam,,geuit,,,,,,,,,,,,,verhindert,,tastten,,,,,,,,schade,,,,vertoont,bloot,,beoordeling,vermoeien,,,,,vangen,,,,,,,,,,,erken*,,,,overreedden,,,,,,oproer,,,bedroevend,secretariaat
,,,,enthousiasme,,ontlokt,,,,,,,,,,,,,verhinderd,,gestonken,,,,,,,,beangstigd,,,,aanvaard,bloedsuiker,,sprak,tenen,,,,,vervolgde,,,,,,,,,,,verhelderden,,,,meden,,,,,,klote,,,tragedie,bestuur
,,,,slimmerik,,opperden,,,,,,,,,,,,,nauwkeurig,,zoet,,,,,,,,troost,,,,wast,heupen,,bemoedigd*,krabben,,,,,slaapwandel,,,,,,,,,,,erkent,,,,gebruikten,,,,,,opstand,,,verveling,docent
,,,,gehecht,,samen,,,,,,,,,,,,,betwijfelden,,verklikt,,,,,,,,aansporing,,,,ontlast*,hart,,excuseerde,nasaal,,,,,jogt,,,,,,,,,,,erkend,,,,vergiftigd,,,,,,schandalig,,,onheil,overhoren
,,,,voldoening,,gestoord,,,,,,,,,,,,,beaam,,waarneming,,,,,,,,vermaak,,,,bepaalt,hartstilstand,,onthulde,broodmager,,,,,slaapwandelden,,,,,,,,,,,verduidelijk*,,,,biechtte*,,,,,,hinderde,,,cynisch,wedijveren